Ambi,uscite,Spia10,rip10,tra10,Spia20,rip20,tra20
"[1, 2]",21,88,21,-16,88,40,-6
"[1, 3]",14,81,18,5,44,25,-14
"[1, 4]",21,40,22,1,48,41,6
"[1, 5]",11,1,12,-39,46,21,12
"[1, 6]",22,82,22,5,29,34,8
"[1, 7]",9,54,11,-6,42,18,-22
"[1, 8]",20,81,20,5,46,33,12
"[1, 9]",21,17,20,-17,6,38,-6
"[1, 10]",23,77,21,-7,87,36,-31
"[1, 11]",14,19,13,1,25,26,-38
"[1, 12]",22,20,23,4,56,35,-1
"[1, 13]",21,48,19,-4,27,33,-46
"[1, 14]",11,66,15,-3,66,25,7
"[1, 15]",24,14,22,-1,5,39,-52
"[1, 16]",20,83,19,6,48,34,6
"[1, 17]",12,62,13,-23,81,22,15
"[1, 18]",25,34,22,-10,36,43,15
"[1, 19]",19,59,21,-4,59,33,6
"[1, 20]",17,81,16,5,26,30,5
"[1, 21]",17,61,16,3,40,30,11
"[1, 22]",17,85,19,6,26,31,5
"[1, 23]",22,88,22,-16,43,38,13
"[1, 24]",13,12,13,-37,10,24,9
"[1, 25]",21,3,21,5,26,37,5
"[1, 26]",14,83,14,6,10,27,9
"[1, 27]",16,44,15,-24,37,32,8
"[1, 28]",13,87,15,-41,87,28,-31
"[1, 29]",18,88,18,-16,83,31,16
"[1, 30]",13,88,14,-16,88,24,-6
"[1, 31]",23,54,23,-6,3,41,15
"[1, 32]",9,54,12,-6,54,20,4
"[1, 33]",22,24,23,-16,89,35,14
"[1, 34]",23,15,21,-6,84,41,16
"[1, 35]",25,63,24,-13,54,42,4
"[1, 36]",18,6,18,-16,87,30,-31
"[1, 37]",13,37,13,-2,48,26,6
"[1, 38]",17,6,20,-16,87,29,-31
"[1, 39]",13,48,15,-4,12,25,-27
"[1, 40]",21,68,20,-31,59,33,6
"[1, 41]",25,6,25,-16,77,40,3
"[1, 42]",22,59,22,-4,74,37,17
"[1, 43]",18,29,17,-2,49,33,-1
"[1, 44]",12,15,13,-6,15,25,4
"[1, 45]",16,48,24,-4,48,32,6
"[1, 46]",13,80,13,9,58,24,19
"[1, 47]",18,34,18,-10,53,30,0
"[1, 48]",27,38,23,2,10,51,9
"[1, 49]",16,22,20,2,22,31,12
"[1, 50]",13,29,14,-2,47,23,18
"[1, 51]",18,10,20,-1,10,32,9
"[1, 52]",11,49,13,-11,49,21,-1
"[1, 53]",15,82,15,5,82,28,15
"[1, 54]",22,3,21,5,8,36,11
"[1, 55]",14,37,15,-2,47,28,18
"[1, 56]",21,12,24,-37,12,38,-27
"[1, 57]",12,7,13,7,17,21,-7
"[1, 58]",18,16,17,9,43,29,13
"[1, 59]",14,88,18,-16,55,25,17
"[1, 60]",22,47,20,8,47,36,18
"[1, 61]",27,59,26,-4,15,48,4
"[1, 62]",19,10,19,-1,50,32,6
"[1, 63]",19,42,20,-32,42,33,-22
"[1, 64]",16,40,16,1,87,25,-31
"[1, 65]",17,29,17,-2,66,31,7
"[1, 66]",17,77,17,-7,9,29,-10
"[1, 67]",14,48,14,-4,48,28,6
"[1, 68]",23,58,21,9,48,42,6
"[1, 69]",22,10,24,-1,10,35,9
"[1, 70]",28,26,26,-5,26,49,5
"[1, 71]",15,5,14,-62,66,28,7
"[1, 72]",16,86,16,-14,48,31,6
"[1, 73]",17,9,20,-20,9,33,-10
"[1, 74]",20,15,23,-6,36,37,15
"[1, 75]",26,43,24,3,12,42,-27
"[1, 76]",19,40,17,1,4,32,14
"[1, 77]",23,54,22,-6,51,38,1
"[1, 78]",11,25,14,-48,79,22,-3
"[1, 79]",23,36,20,5,20,41,14
"[1, 80]",19,89,18,4,89,30,14
"[1, 81]",10,40,12,1,20,21,14
"[1, 82]",17,12,19,-37,12,31,-27
"[1, 83]",20,87,21,-41,77,35,3
"[1, 84]",19,44,19,-24,78,31,5
"[1, 85]",24,5,21,-62,3,38,15
"[1, 86]",9,28,12,-10,2,17,-31
"[1, 87]",15,26,18,-5,26,25,5
"[1, 88]",16,62,16,-23,20,28,14
"[1, 89]",18,15,17,-6,15,30,4
"[1, 90]",19,59,20,-4,43,30,13
"[2, 3]",23,73,24,-13,84,38,16
"[2, 4]",19,81,20,5,15,37,4
"[2, 5]",14,19,14,1,75,29,19
"[2, 6]",15,48,15,-4,74,26,17
"[2, 7]",12,48,14,-4,48,30,6
"[2, 8]",14,4,13,4,67,24,-1
"[2, 9]",26,4,24,4,56,41,-1
"[2, 10]",24,48,22,-4,81,37,15
"[2, 11]",19,22,19,2,37,34,8
"[2, 12]",20,29,18,-2,65,33,-16
"[2, 13]",10,88,11,-16,87,20,-31
"[2, 14]",13,47,12,8,48,25,6
"[2, 15]",21,5,19,-62,30,34,2
"[2, 16]",16,62,16,-23,14,27,9
"[2, 17]",13,26,16,-5,4,24,14
"[2, 18]",18,70,19,0,85,32,16
"[2, 19]",17,5,17,-62,74,32,17
"[2, 20]",19,8,17,1,60,31,6
"[2, 21]",14,30,16,-8,51,26,1
"[2, 22]",15,30,17,-8,30,29,2
"[2, 23]",22,88,23,-16,62,40,-13
"[2, 24]",14,53,19,-10,53,26,0
"[2, 25]",11,16,13,9,16,20,19
"[2, 26]",16,34,16,-10,37,26,8
"[2, 27]",18,15,18,-6,35,30,6
"[2, 28]",22,19,24,1,19,42,11
"[2, 29]",18,28,18,-10,2,32,-31
"[2, 30]",20,51,22,-9,51,35,1
"[2, 31]",26,84,26,6,84,43,16
"[2, 32]",15,21,14,-33,30,29,2
"[2, 33]",22,29,21,-2,81,35,15
"[2, 34]",19,4,20,4,36,30,15
"[2, 35]",17,48,21,-4,48,37,6
"[2, 36]",18,53,18,-10,66,33,7
"[2, 37]",16,67,17,-11,67,27,-1
"[2, 38]",14,26,16,-5,10,24,9
"[2, 39]",13,74,14,7,74,26,17
"[2, 40]",19,33,21,6,33,36,16
"[2, 41]",21,33,18,6,31,39,18
"[2, 42]",12,33,15,6,47,24,18
"[2, 43]",19,20,19,4,35,35,6
"[2, 44]",18,48,23,-4,48,40,6
"[2, 45]",13,50,14,-4,33,23,16
"[2, 46]",15,87,14,-41,56,27,-1
"[2, 47]",13,19,15,1,19,24,11
"[2, 48]",17,80,17,9,48,29,6
"[2, 49]",14,40,16,1,40,24,11
"[2, 50]",14,70,17,0,77,26,3
"[2, 51]",16,89,16,4,77,30,3
"[2, 52]",17,4,17,4,4,29,14
"[2, 53]",15,4,20,4,26,31,5
"[2, 54]",20,34,21,-10,34,38,0
"[2, 55]",15,66,16,-3,30,30,2
"[2, 56]",21,88,22,-16,48,42,6
"[2, 57]",20,30,22,-8,30,37,2
"[2, 58]",13,10,15,-1,4,23,14
"[2, 59]",15,58,16,9,52,27,-2
"[2, 60]",23,84,23,6,48,40,6
"[2, 61]",15,68,16,-31,44,28,-14
"[2, 62]",15,90,16,-7,74,27,17
"[2, 63]",10,69,14,9,49,23,-1
"[2, 64]",22,58,22,9,89,37,14
"[2, 65]",17,4,18,4,4,31,14
"[2, 66]",17,74,18,7,64,32,-11
"[2, 67]",19,84,19,6,88,32,-6
"[2, 68]",13,48,15,-4,66,26,7
"[2, 69]",18,83,17,6,8,34,11
"[2, 70]",16,49,17,-11,66,30,7
"[2, 71]",18,48,17,-4,74,28,17
"[2, 72]",18,37,18,-2,66,41,7
"[2, 73]",18,62,18,-23,20,34,14
"[2, 74]",16,59,18,-4,84,27,16
"[2, 75]",18,64,18,-21,64,30,-11
"[2, 76]",20,11,20,3,60,39,6
"[2, 77]",13,30,12,-8,54,23,4
"[2, 78]",20,84,20,6,70,33,10
"[2, 79]",17,66,15,-3,65,29,-16
"[2, 80]",11,89,17,4,89,24,14
"[2, 81]",17,34,17,-10,48,36,6
"[2, 82]",12,28,15,-10,51,24,1
"[2, 83]",17,67,16,-11,17,29,-7
"[2, 84]",9,56,12,-11,41,19,-9
"[2, 85]",20,40,22,1,40,33,11
"[2, 86]",19,77,17,-7,20,31,14
"[2, 87]",16,48,15,-4,22,30,12
"[2, 88]",21,6,19,-16,84,34,16
"[2, 89]",18,59,20,-4,59,37,6
"[2, 90]",22,84,20,6,37,37,8
"[3, 4]",14,46,15,2,87,30,-31
"[3, 5]",12,70,14,0,74,24,17
"[3, 6]",18,54,17,-6,61,34,13
"[3, 7]",10,43,14,3,63,21,-3
"[3, 8]",29,20,27,4,34,44,0
"[3, 9]",19,34,17,-10,2,34,-31
"[3, 10]",17,75,17,9,48,30,6
"[3, 11]",19,15,17,-6,9,34,-10
"[3, 12]",17,47,19,8,81,30,15
"[3, 13]",20,30,17,-8,40,33,11
"[3, 14]",23,16,21,9,34,37,0
"[3, 15]",18,23,21,0,23,31,10
"[3, 16]",11,15,12,-6,63,20,-3
"[3, 17]",22,23,21,0,67,35,-1
"[3, 18]",17,13,16,8,22,29,12
"[3, 19]",14,23,15,0,78,26,5
"[3, 20]",22,44,20,-24,20,39,14
"[3, 21]",18,42,16,-32,44,34,-14
"[3, 22]",20,71,23,6,71,37,16
"[3, 23]",22,55,21,7,55,40,17
"[3, 24]",15,59,17,-4,76,26,-1
"[3, 25]",20,75,23,9,75,37,19
"[3, 26]",24,66,24,-3,66,42,7
"[3, 27]",18,22,16,2,3,36,15
"[3, 28]",16,88,17,-16,49,30,-1
"[3, 29]",16,18,15,0,18,28,10
"[3, 30]",22,59,22,-4,34,41,0
"[3, 31]",16,14,15,-1,35,29,6
"[3, 32]",15,87,18,-41,58,27,19
"[3, 33]",16,14,17,-1,57,30,7
"[3, 34]",20,60,20,-4,90,32,3
"[3, 35]",17,73,16,-13,7,29,17
"[3, 36]",19,23,20,0,53,33,0
"[3, 37]",21,74,19,7,35,41,6
"[3, 38]",14,87,13,-41,67,26,-1
"[3, 39]",21,48,22,-4,14,35,9
"[3, 40]",24,58,23,9,58,40,19
"[3, 41]",23,43,24,3,3,39,15
"[3, 42]",18,29,19,-2,78,31,5
"[3, 43]",15,77,18,-7,77,27,3
"[3, 44]",11,4,14,4,4,22,14
"[3, 45]",15,29,14,-2,4,25,14
"[3, 46]",22,20,19,4,20,38,14
"[3, 47]",26,22,25,2,22,42,12
"[3, 48]",15,61,14,3,20,26,14
"[3, 49]",20,51,20,-9,48,34,6
"[3, 50]",11,46,11,2,66,24,7
"[3, 51]",22,11,22,3,4,35,14
"[3, 52]",19,37,19,-2,82,31,15
"[3, 53]",20,58,19,9,9,35,-10
"[3, 54]",22,22,23,2,23,34,10
"[3, 55]",19,53,18,-10,87,31,-31
"[3, 56]",18,17,17,-17,74,32,17
"[3, 57]",16,31,15,8,48,26,6
"[3, 58]",22,56,18,-11,34,38,0
"[3, 59]",18,81,18,5,81,31,15
"[3, 60]",14,85,17,6,48,28,6
"[3, 61]",20,48,20,-4,61,37,13
"[3, 62]",25,29,24,-2,88,37,-6
"[3, 63]",13,81,13,5,81,24,15
"[3, 64]",19,90,16,-7,36,31,15
"[3, 65]",15,58,17,9,70,27,10
"[3, 66]",28,48,27,-4,61,47,13
"[3, 67]",15,50,13,-4,68,27,-21
"[3, 68]",17,88,19,-16,77,35,3
"[3, 69]",13,81,13,5,3,24,15
"[3, 70]",17,44,17,-24,13,31,18
"[3, 71]",15,20,20,4,20,28,14
"[3, 72]",17,67,17,-11,8,31,11
"[3, 73]",15,7,18,7,37,29,8
"[3, 74]",17,73,16,-13,3,32,15
"[3, 75]",17,48,20,-4,48,33,6
"[3, 76]",18,88,20,-16,88,33,-6
"[3, 77]",22,90,22,-7,87,38,-31
"[3, 78]",18,33,18,6,59,30,6
"[3, 79]",14,54,12,-6,38,23,12
"[3, 80]",18,90,20,-7,47,30,18
"[3, 81]",14,1,15,-39,81,27,15
"[3, 82]",21,74,21,7,45,34,-13
"[3, 83]",10,84,11,6,77,19,3
"[3, 84]",22,44,22,-24,44,42,-14
"[3, 85]",16,2,17,-41,2,27,-31
"[3, 86]",19,51,19,-9,74,34,17
"[3, 87]",26,12,22,-37,12,45,-27
"[3, 88]",14,61,14,3,9,24,-10
"[3, 89]",18,65,19,-26,20,32,14
"[3, 90]",20,78,21,-5,1,31,-29
"[4, 5]",28,60,28,-4,88,48,-6
"[4, 6]",18,66,17,-3,66,30,7
"[4, 7]",11,84,13,6,68,22,-21
"[4, 8]",20,6,19,-16,27,31,-46
"[4, 9]",21,86,24,-14,9,35,-10
"[4, 10]",15,20,15,4,20,30,14
"[4, 11]",19,73,19,-13,50,32,6
"[4, 12]",16,62,19,-23,66,27,7
"[4, 13]",25,54,25,-6,62,44,-13
"[4, 14]",23,3,22,5,34,39,0
"[4, 15]",23,84,22,6,88,37,-6
"[4, 16]",27,39,24,8,34,46,0
"[4, 17]",19,81,22,5,30,36,2
"[4, 18]",19,88,19,-16,34,32,0
"[4, 19]",15,59,16,-4,36,27,15
"[4, 20]",22,59,18,-4,22,35,12
"[4, 21]",14,15,16,-6,37,24,8
"[4, 22]",18,20,20,4,34,33,0
"[4, 23]",14,88,15,-16,24,25,-6
"[4, 24]",14,52,17,-12,54,25,4
"[4, 25]",22,84,22,6,52,34,-2
"[4, 26]",23,4,23,4,4,44,14
"[4, 27]",21,62,20,-23,8,34,11
"[4, 28]",15,77,16,-7,11,28,13
"[4, 29]",16,58,15,9,88,26,-6
"[4, 30]",28,60,25,-4,60,49,6
"[4, 31]",15,19,15,1,89,27,14
"[4, 32]",16,27,17,-56,78,28,5
"[4, 33]",25,86,22,-14,48,39,6
"[4, 34]",23,62,22,-23,48,39,6
"[4, 35]",17,59,18,-4,59,30,6
"[4, 36]",18,10,17,-1,10,33,9
"[4, 37]",20,88,18,-16,59,34,6
"[4, 38]",16,30,15,-8,30,32,2
"[4, 39]",17,30,21,-8,30,36,2
"[4, 40]",19,48,23,-4,48,43,6
"[4, 41]",15,85,17,6,51,28,1
"[4, 42]",19,81,22,5,81,31,15
"[4, 43]",18,34,19,-10,59,32,6
"[4, 44]",20,48,16,-4,31,33,18
"[4, 45]",12,64,13,-21,9,21,-10
"[4, 46]",12,9,14,-20,88,26,-6
"[4, 47]",18,81,18,5,15,31,4
"[4, 48]",20,15,21,-6,15,40,4
"[4, 49]",14,15,18,-6,15,28,4
"[4, 50]",10,65,12,-26,51,18,1
"[4, 51]",26,86,24,-14,60,45,6
"[4, 52]",11,54,12,-6,81,23,15
"[4, 53]",20,49,19,-11,49,32,-1
"[4, 54]",14,44,17,-24,20,31,14
"[4, 55]",28,4,27,4,54,50,4
"[4, 56]",16,84,19,6,78,30,5
"[4, 57]",9,56,13,-11,7,20,17
"[4, 58]",8,53,12,-10,26,18,5
"[4, 59]",23,53,20,-10,74,37,17
"[4, 60]",18,40,17,1,74,31,17
"[4, 61]",23,53,21,-10,66,39,7
"[4, 62]",20,62,20,-23,84,36,16
"[4, 63]",17,34,20,-10,36,33,15
"[4, 64]",18,11,17,3,26,34,5
"[4, 65]",16,15,16,-6,46,34,12
"[4, 66]",15,63,18,-13,34,29,0
"[4, 67]",19,11,20,3,18,32,10
"[4, 68]",22,34,22,-10,44,40,-14
"[4, 69]",16,40,16,1,66,27,7
"[4, 70]",15,20,16,4,26,30,5
"[4, 71]",15,6,16,-16,61,29,13
"[4, 72]",19,2,18,-41,62,34,-13
"[4, 73]",19,65,17,-26,52,31,-2
"[4, 74]",18,83,19,6,21,30,-23
"[4, 75]",31,34,26,-10,62,48,-13
"[4, 76]",16,36,17,5,31,32,18
"[4, 77]",12,50,16,-4,62,22,-13
"[4, 78]",14,49,14,-11,47,28,18
"[4, 79]",16,20,18,4,20,30,14
"[4, 80]",15,84,17,6,56,30,-1
"[4, 81]",23,36,21,5,47,40,18
"[4, 82]",21,13,21,8,75,35,19
"[4, 83]",20,20,19,4,20,34,14
"[4, 84]",28,83,23,6,2,45,-31
"[4, 85]",15,81,19,5,48,30,6
"[4, 86]",21,15,21,-6,88,36,-6
"[4, 87]",36,60,33,-4,60,59,6
"[4, 88]",20,37,21,-2,62,34,-13
"[4, 89]",20,37,20,-2,35,33,6
"[4, 90]",15,62,17,-23,63,28,-3
"[5, 6]",9,1,10,-39,48,18,6
"[5, 7]",12,78,12,-5,74,22,17
"[5, 8]",16,56,15,-11,27,26,-46
"[5, 9]",18,17,18,-17,81,34,15
"[5, 10]",11,57,12,-3,6,21,-6
"[5, 11]",19,60,18,-4,60,35,6
"[5, 12]",14,37,16,-2,46,28,12
"[5, 13]",13,41,16,-19,41,23,-9
"[5, 14]",21,81,23,5,10,35,9
"[5, 15]",24,85,25,6,85,43,16
"[5, 16]",21,89,20,4,89,35,14
"[5, 17]",19,51,19,-9,48,37,6
"[5, 18]",21,77,21,-7,4,38,14
"[5, 19]",15,87,17,-41,46,28,12
"[5, 20]",19,20,20,4,90,30,3
"[5, 21]",20,76,19,-11,23,34,10
"[5, 22]",15,38,15,2,87,27,-31
"[5, 23]",18,85,19,6,61,37,13
"[5, 24]",11,30,13,-8,62,20,-13
"[5, 25]",17,89,16,4,5,29,-52
"[5, 26]",22,9,22,-20,58,37,19
"[5, 27]",19,3,20,5,3,36,15
"[5, 28]",20,47,21,8,47,38,18
"[5, 29]",13,37,14,-2,37,28,8
"[5, 30]",24,60,23,-4,60,40,6
"[5, 31]",12,29,15,-2,28,21,0
"[5, 32]",16,87,17,-41,89,29,14
"[5, 33]",11,7,15,7,7,21,17
"[5, 34]",27,38,27,2,74,45,17
"[5, 35]",20,12,18,-37,26,34,5
"[5, 36]",16,81,17,5,76,28,-1
"[5, 37]",21,81,21,5,54,33,4
"[5, 38]",15,33,14,6,53,26,0
"[5, 39]",21,48,20,-4,74,35,17
"[5, 40]",21,34,20,-10,61,37,13
"[5, 41]",19,17,20,-17,59,32,6
"[5, 42]",17,3,18,5,3,28,15
"[5, 43]",18,48,17,-4,87,31,-31
"[5, 44]",16,4,18,4,58,27,19
"[5, 45]",12,83,13,6,37,23,8
"[5, 46]",17,88,18,-16,88,34,-6
"[5, 47]",17,24,15,-16,50,32,6
"[5, 48]",16,57,16,-3,74,30,17
"[5, 49]",22,20,21,4,20,35,14
"[5, 50]",21,39,20,8,62,38,-13
"[5, 51]",22,85,22,6,37,36,8
"[5, 52]",16,47,18,8,62,30,-13
"[5, 53]",16,56,17,-11,46,29,12
"[5, 54]",14,62,17,-23,84,25,16
"[5, 55]",11,1,12,-39,1,21,-29
"[5, 56]",15,22,15,2,47,25,18
"[5, 57]",14,71,14,6,5,25,-52
"[5, 58]",10,81,10,5,41,18,-9
"[5, 59]",29,89,27,4,19,44,11
"[5, 60]",18,73,20,-13,20,33,14
"[5, 61]",17,17,18,-17,28,30,0
"[5, 62]",19,29,20,-2,46,30,12
"[5, 63]",13,29,17,-2,89,21,14
"[5, 64]",20,46,21,2,89,35,14
"[5, 65]",22,37,21,-2,81,40,15
"[5, 66]",31,34,33,-10,40,52,11
"[5, 67]",19,8,18,1,8,34,11
"[5, 68]",20,10,21,-1,66,36,7
"[5, 69]",14,35,16,-4,61,27,13
"[5, 70]",15,1,14,-39,10,29,9
"[5, 71]",19,54,23,-6,54,32,4
"[5, 72]",20,34,19,-10,34,34,0
"[5, 73]",20,34,19,-10,2,37,-31
"[5, 74]",19,13,17,8,1,38,-29
"[5, 75]",22,54,21,-6,17,40,-7
"[5, 76]",18,46,19,2,38,31,12
"[5, 77]",19,33,18,6,61,39,13
"[5, 78]",25,40,21,1,48,40,6
"[5, 79]",22,20,23,4,80,38,19
"[5, 80]",18,31,18,8,15,29,4
"[5, 81]",16,55,20,7,3,32,15
"[5, 82]",18,18,16,0,51,31,1
"[5, 83]",13,30,14,-8,67,26,-1
"[5, 84]",24,9,20,-20,66,40,7
"[5, 85]",17,40,19,1,46,29,12
"[5, 86]",16,60,14,-4,37,24,8
"[5, 87]",22,70,21,0,61,36,13
"[5, 88]",24,22,24,2,22,41,12
"[5, 89]",23,81,21,5,81,38,15
"[5, 90]",19,49,18,-11,87,33,-31
"[6, 7]",14,44,15,-24,44,26,-14
"[6, 8]",11,35,12,-4,6,20,-6
"[6, 9]",14,18,17,0,30,25,2
"[6, 10]",19,77,21,-7,81,33,15
"[6, 11]",15,74,17,7,45,27,-13
"[6, 12]",13,54,13,-6,39,24,18
"[6, 13]",26,33,23,6,85,43,16
"[6, 14]",14,30,16,-8,87,24,-31
"[6, 15]",22,60,19,-4,77,38,3
"[6, 16]",17,15,16,-6,60,28,6
"[6, 17]",23,83,20,6,77,36,3
"[6, 18]",18,4,17,4,37,33,8
"[6, 19]",9,5,10,-62,7,18,17
"[6, 20]",16,15,18,-6,2,28,-31
"[6, 21]",16,30,16,-8,60,27,6
"[6, 22]",15,81,16,5,46,30,12
"[6, 23]",21,1,18,-39,28,33,0
"[6, 24]",16,28,17,-10,17,28,-7
"[6, 25]",17,43,18,3,43,32,13
"[6, 26]",15,5,13,-62,5,30,-52
"[6, 27]",19,69,21,9,77,38,3
"[6, 28]",17,26,18,-5,37,34,8
"[6, 29]",22,68,19,-31,20,36,14
"[6, 30]",23,85,20,6,22,39,12
"[6, 31]",14,60,15,-4,54,27,4
"[6, 32]",21,68,20,-31,8,33,11
"[6, 33]",24,56,25,-11,56,37,-1
"[6, 34]",12,83,17,6,83,24,16
"[6, 35]",21,68,22,-31,68,38,-21
"[6, 36]",10,10,12,-1,83,24,16
"[6, 37]",17,48,15,-4,48,29,6
"[6, 38]",18,15,19,-6,15,33,4
"[6, 39]",18,9,20,-20,23,32,10
"[6, 40]",17,58,18,9,58,31,19
"[6, 41]",15,66,19,-3,66,27,7
"[6, 42]",15,59,17,-4,40,28,11
"[6, 43]",9,58,11,9,58,18,19
"[6, 44]",17,58,16,9,54,31,4
"[6, 45]",7,74,9,7,1,14,-29
"[6, 46]",18,3,16,5,17,30,-7
"[6, 47]",15,43,16,3,43,29,13
"[6, 48]",19,56,18,-11,48,31,6
"[6, 49]",17,85,16,6,85,33,16
"[6, 50]",15,59,13,-4,15,26,4
"[6, 51]",27,35,22,-4,76,40,-1
"[6, 52]",9,65,11,-26,11,18,13
"[6, 53]",13,85,14,6,5,26,-52
"[6, 54]",18,78,19,-5,56,30,-1
"[6, 55]",9,34,9,-10,61,20,13
"[6, 56]",16,55,16,7,51,30,1
"[6, 57]",14,39,14,8,48,28,6
"[6, 58]",12,23,17,0,1,21,-29
"[6, 59]",19,3,17,5,56,32,-1
"[6, 60]",20,35,18,-4,75,36,19
"[6, 61]",12,5,12,-62,33,23,16
"[6, 62]",11,1,12,-39,1,21,-29
"[6, 63]",17,74,15,7,4,32,14
"[6, 64]",16,10,16,-1,74,32,17
"[6, 65]",15,48,15,-4,79,25,-3
"[6, 66]",16,26,16,-5,65,30,-16
"[6, 67]",21,75,21,9,90,37,3
"[6, 68]",18,38,16,2,15,29,4
"[6, 69]",19,83,18,6,60,35,6
"[6, 70]",10,9,11,-20,3,19,15
"[6, 71]",14,47,16,8,6,24,-6
"[6, 72]",17,30,18,-8,60,31,6
"[6, 73]",12,17,14,-17,68,27,-21
"[6, 74]",14,57,14,-3,80,26,19
"[6, 75]",13,54,13,-6,44,24,-14
"[6, 76]",11,30,12,-8,29,21,8
"[6, 77]",15,30,16,-8,30,28,2
"[6, 78]",18,28,18,-10,60,33,6
"[6, 79]",19,60,21,-4,60,38,6
"[6, 80]",14,74,13,7,47,27,18
"[6, 81]",24,30,27,-8,81,39,15
"[6, 82]",15,72,17,-6,81,28,15
"[6, 83]",15,48,16,-4,59,26,6
"[6, 84]",18,66,16,-3,37,31,8
"[6, 85]",12,40,14,1,43,20,13
"[6, 86]",18,54,17,-6,81,36,15
"[6, 87]",21,75,22,9,1,33,-29
"[6, 88]",21,48,21,-4,40,35,11
"[6, 89]",21,8,20,1,47,34,18
"[6, 90]",15,49,15,-11,81,28,15
"[7, 8]",20,17,19,-17,17,33,-7
"[7, 9]",22,34,24,-10,34,42,0
"[7, 10]",20,83,18,6,18,37,10
"[7, 11]",11,82,12,5,89,22,14
"[7, 12]",16,76,18,-11,74,29,17
"[7, 13]",19,70,18,0,60,30,6
"[7, 14]",19,61,19,3,15,31,4
"[7, 15]",15,44,16,-24,40,31,11
"[7, 16]",15,74,16,7,74,27,17
"[7, 17]",18,47,18,8,61,30,13
"[7, 18]",15,53,15,-10,35,32,6
"[7, 19]",17,49,16,-11,76,29,-1
"[7, 20]",18,13,19,8,53,35,0
"[7, 21]",17,34,18,-10,13,29,18
"[7, 22]",18,46,17,2,20,32,14
"[7, 23]",13,50,13,-4,50,27,6
"[7, 24]",19,66,23,-3,66,32,7
"[7, 25]",16,89,16,4,37,33,8
"[7, 26]",14,89,17,4,40,26,11
"[7, 27]",16,51,14,-9,65,29,-16
"[7, 28]",14,49,14,-11,20,26,14
"[7, 29]",17,53,18,-10,53,37,0
"[7, 30]",18,74,19,7,23,29,10
"[7, 31]",18,49,23,-11,9,35,-10
"[7, 32]",21,28,22,-10,37,35,8
"[7, 33]",15,30,15,-8,51,29,1
"[7, 34]",16,81,17,5,30,26,2
"[7, 35]",20,38,18,2,62,31,-13
"[7, 36]",19,83,20,6,51,31,1
"[7, 37]",12,3,13,5,30,21,2
"[7, 38]",14,5,14,-62,10,25,9
"[7, 39]",20,85,20,6,85,33,16
"[7, 40]",26,20,24,4,20,43,14
"[7, 41]",11,65,15,-26,65,24,-16
"[7, 42]",11,2,14,-41,35,22,6
"[7, 43]",12,89,14,4,89,22,14
"[7, 44]",19,39,18,8,2,34,-31
"[7, 45]",14,51,14,-9,2,26,-31
"[7, 46]",16,54,16,-6,61,29,13
"[7, 47]",14,55,14,7,20,25,14
"[7, 48]",21,17,20,-17,23,33,10
"[7, 49]",14,1,14,-39,1,25,-29
"[7, 50]",10,47,11,8,1,19,-29
"[7, 51]",14,37,15,-2,3,30,15
"[7, 52]",16,17,17,-17,17,29,-7
"[7, 53]",12,3,12,5,3,21,15
"[7, 54]",20,11,19,3,11,33,13
"[7, 55]",19,61,20,3,23,32,10
"[7, 56]",16,1,15,-39,40,29,11
"[7, 57]",14,14,16,-1,53,29,0
"[7, 58]",25,69,25,9,53,40,0
"[7, 59]",20,39,19,8,61,31,13
"[7, 60]",20,23,21,0,48,34,6
"[7, 61]",18,10,17,-1,66,31,7
"[7, 62]",22,90,22,-7,59,36,6
"[7, 63]",13,14,16,-1,36,26,15
"[7, 64]",16,14,15,-1,34,27,0
"[7, 65]",12,29,13,-2,11,25,13
"[7, 66]",22,53,20,-10,23,39,10
"[7, 67]",11,34,15,-10,34,23,0
"[7, 68]",12,88,13,-16,88,23,-6
"[7, 69]",18,62,17,-23,15,33,4
"[7, 70]",16,17,17,-17,20,27,14
"[7, 71]",16,75,17,9,47,29,18
"[7, 72]",17,35,16,-4,35,32,6
"[7, 73]",14,15,14,-6,67,26,-1
"[7, 74]",16,55,19,7,66,27,7
"[7, 75]",14,60,15,-4,12,25,-27
"[7, 76]",16,35,17,-4,35,28,6
"[7, 77]",12,69,14,9,69,26,19
"[7, 78]",12,48,14,-4,72,21,4
"[7, 79]",24,68,21,-31,68,41,-21
"[7, 80]",14,56,14,-11,56,26,-1
"[7, 81]",18,47,21,8,3,37,15
"[7, 82]",5,34,8,-10,23,13,10
"[7, 83]",15,13,14,8,89,26,14
"[7, 84]",22,17,22,-17,17,40,-7
"[7, 85]",16,81,16,5,51,28,1
"[7, 86]",13,23,16,0,23,26,10
"[7, 87]",17,89,22,4,74,32,17
"[7, 88]",19,4,16,4,66,33,7
"[7, 89]",14,1,14,-39,16,24,19
"[7, 90]",20,20,19,4,81,34,15
"[8, 9]",19,87,19,-41,2,34,-31
"[8, 10]",27,11,22,3,81,44,15
"[8, 11]",23,74,23,7,74,41,17
"[8, 12]",21,49,19,-11,25,34,-38
"[8, 13]",26,11,24,3,69,42,19
"[8, 14]",20,87,20,-41,58,34,19
"[8, 15]",20,66,21,-3,4,32,14
"[8, 16]",15,36,16,5,89,25,14
"[8, 17]",17,60,16,-4,81,30,15
"[8, 18]",15,35,16,-4,54,31,4
"[8, 19]",15,78,15,-5,72,28,4
"[8, 20]",22,84,26,6,44,41,-14
"[8, 21]",14,3,16,5,57,28,7
"[8, 22]",18,45,19,-23,63,30,-3
"[8, 23]",15,50,14,-4,87,25,-31
"[8, 24]",14,63,15,-13,73,28,-3
"[8, 25]",12,56,16,-11,30,21,2
"[8, 26]",14,5,14,-62,51,24,1
"[8, 27]",16,3,19,5,3,28,15
"[8, 28]",11,6,13,-16,60,22,6
"[8, 29]",24,82,21,5,81,38,15
"[8, 30]",18,59,22,-4,59,32,6
"[8, 31]",14,63,15,-13,9,23,-10
"[8, 32]",16,8,16,1,61,31,13
"[8, 33]",16,87,18,-41,81,29,15
"[8, 34]",13,45,14,-23,1,22,-29
"[8, 35]",22,5,20,-62,46,33,12
"[8, 36]",22,74,22,7,74,38,17
"[8, 37]",16,12,15,-37,20,29,14
"[8, 38]",15,12,16,-37,26,25,5
"[8, 39]",15,11,22,3,11,34,13
"[8, 40]",22,2,19,-41,14,35,9
"[8, 41]",17,81,19,5,81,32,15
"[8, 42]",26,24,22,-16,5,41,-52
"[8, 43]",23,66,26,-3,66,39,7
"[8, 44]",17,71,21,6,61,33,13
"[8, 45]",16,48,19,-4,25,29,-38
"[8, 46]",23,61,23,3,87,43,-31
"[8, 47]",23,72,21,-6,72,37,4
"[8, 48]",19,1,18,-39,74,35,17
"[8, 49]",10,51,13,-9,49,21,-1
"[8, 50]",17,58,19,9,58,35,19
"[8, 51]",13,6,15,-16,59,26,6
"[8, 52]",15,37,15,-2,55,28,17
"[8, 53]",15,31,14,8,82,24,15
"[8, 54]",20,81,22,5,60,34,6
"[8, 55]",18,55,19,7,46,31,12
"[8, 56]",18,56,18,-11,87,32,-31
"[8, 57]",20,28,21,-10,28,35,0
"[8, 58]",18,14,19,-1,14,30,9
"[8, 59]",18,21,21,-33,3,36,15
"[8, 60]",19,66,18,-3,47,33,18
"[8, 61]",15,13,17,8,75,26,19
"[8, 62]",20,52,21,-12,68,34,-21
"[8, 63]",20,76,21,-11,52,34,-2
"[8, 64]",16,89,16,4,42,27,-22
"[8, 65]",15,34,19,-10,55,30,17
"[8, 66]",23,84,21,6,66,39,7
"[8, 67]",16,22,16,2,20,27,14
"[8, 68]",8,3,9,5,28,16,0
"[8, 69]",16,33,17,6,47,27,18
"[8, 70]",19,13,19,8,48,32,6
"[8, 71]",22,62,23,-23,84,38,16
"[8, 72]",22,31,21,8,46,36,12
"[8, 73]",15,21,14,-33,21,28,-23
"[8, 74]",18,84,18,6,84,36,16
"[8, 75]",20,3,19,5,3,34,15
"[8, 76]",10,87,11,-41,84,20,16
"[8, 77]",20,43,20,3,8,33,11
"[8, 78]",17,30,19,-8,75,30,19
"[8, 79]",13,66,13,-3,87,24,-31
"[8, 80]",17,11,18,3,62,28,-13
"[8, 81]",22,59,23,-4,33,38,16
"[8, 82]",16,89,19,4,89,31,14
"[8, 83]",13,50,13,-4,49,21,-1
"[8, 84]",10,83,12,6,83,20,16
"[8, 85]",17,34,16,-10,34,32,0
"[8, 86]",21,53,21,-10,34,41,0
"[8, 87]",18,89,18,4,89,32,14
"[8, 88]",23,54,20,-6,66,37,7
"[8, 89]",21,59,20,-4,74,36,17
"[8, 90]",19,30,19,-8,59,36,6
"[9, 10]",22,6,25,-16,3,36,15
"[9, 11]",14,8,17,1,8,23,11
"[9, 12]",10,62,12,-23,62,21,-13
"[9, 13]",17,16,17,9,10,27,9
"[9, 14]",21,64,18,-21,32,37,10
"[9, 15]",19,59,19,-4,4,36,14
"[9, 16]",16,9,16,-20,26,28,5
"[9, 17]",16,51,16,-9,51,26,1
"[9, 18]",14,40,15,1,56,28,-1
"[9, 19]",16,14,15,-1,32,32,10
"[9, 20]",32,61,29,3,17,51,-7
"[9, 21]",20,34,23,-10,51,34,1
"[9, 22]",18,26,18,-5,40,31,11
"[9, 23]",12,57,14,-3,43,21,13
"[9, 24]",17,66,19,-3,14,30,9
"[9, 25]",14,76,15,-11,76,29,-1
"[9, 26]",28,15,25,-6,51,45,1
"[9, 27]",11,4,11,4,74,25,17
"[9, 28]",23,58,22,9,53,38,0
"[9, 29]",14,51,15,-9,26,25,5
"[9, 30]",20,79,19,-13,11,32,13
"[9, 31]",15,40,17,1,40,31,11
"[9, 32]",10,22,11,2,41,19,-9
"[9, 33]",16,73,17,-13,90,26,3
"[9, 34]",25,34,26,-10,69,38,19
"[9, 35]",19,89,18,4,90,29,3
"[9, 36]",17,77,18,-7,81,28,15
"[9, 37]",13,51,12,-9,15,22,4
"[9, 38]",19,10,20,-1,54,32,4
"[9, 39]",13,85,14,6,23,24,10
"[9, 40]",19,75,20,9,30,31,2
"[9, 41]",14,4,14,4,81,24,15
"[9, 42]",21,2,20,-41,47,38,18
"[9, 43]",19,16,17,9,26,36,5
"[9, 44]",13,21,16,-33,21,25,-23
"[9, 45]",20,73,22,-13,33,33,16
"[9, 46]",22,5,19,-62,56,35,-1
"[9, 47]",23,89,21,4,89,38,14
"[9, 48]",20,74,17,7,30,34,2
"[9, 49]",10,59,12,-4,69,21,19
"[9, 50]",11,28,12,-10,28,21,0
"[9, 51]",15,62,18,-23,60,29,6
"[9, 52]",20,29,22,-2,11,36,13
"[9, 53]",22,17,21,-17,76,35,-1
"[9, 54]",19,30,20,-8,74,31,17
"[9, 55]",18,40,20,1,40,31,11
"[9, 56]",14,73,15,-13,51,26,1
"[9, 57]",12,30,14,-8,30,22,2
"[9, 58]",19,54,18,-6,74,30,17
"[9, 59]",12,9,17,-20,9,21,-10
"[9, 60]",18,81,18,5,70,29,10
"[9, 61]",21,2,21,-41,15,34,4
"[9, 62]",20,57,20,-3,75,34,19
"[9, 63]",16,34,15,-10,88,32,-6
"[9, 64]",14,3,15,5,20,25,14
"[9, 65]",23,4,24,4,89,38,14
"[9, 66]",15,2,14,-41,24,28,-6
"[9, 67]",13,15,15,-6,84,24,16
"[9, 68]",18,5,16,-62,13,31,18
"[9, 69]",23,30,22,-8,69,40,19
"[9, 70]",14,87,17,-41,87,26,-31
"[9, 71]",19,30,20,-8,58,33,19
"[9, 72]",18,37,15,-2,66,29,7
"[9, 73]",21,34,17,-10,52,34,-2
"[9, 74]",22,26,22,-5,26,39,5
"[9, 75]",17,12,19,-37,10,29,9
"[9, 76]",17,26,19,-5,27,28,-46
"[9, 77]",13,53,13,-10,58,25,19
"[9, 78]",14,33,16,6,49,27,-1
"[9, 79]",10,73,11,-13,32,21,10
"[9, 80]",18,59,20,-4,74,28,17
"[9, 81]",25,23,25,0,28,43,0
"[9, 82]",15,66,16,-3,66,31,7
"[9, 83]",15,89,16,4,58,28,19
"[9, 84]",17,60,17,-4,74,30,17
"[9, 85]",19,37,19,-2,78,36,5
"[9, 86]",23,12,19,-37,26,37,5
"[9, 87]",22,40,20,1,6,38,-6
"[9, 88]",17,24,18,-16,56,32,-1
"[9, 89]",24,62,24,-23,62,40,-13
"[9, 90]",27,61,23,3,47,42,18
"[10, 11]",17,31,16,8,35,27,6
"[10, 12]",22,10,21,-1,9,36,-10
"[10, 13]",22,54,22,-6,6,36,-6
"[10, 14]",19,53,20,-10,55,30,17
"[10, 15]",25,56,22,-11,35,41,6
"[10, 16]",25,47,23,8,48,41,6
"[10, 17]",25,1,23,-39,87,41,-31
"[10, 18]",14,58,15,9,56,24,-1
"[10, 19]",21,47,24,8,47,34,18
"[10, 20]",19,62,20,-23,1,34,-29
"[10, 21]",18,36,18,5,56,32,-1
"[10, 22]",31,11,29,3,65,53,-16
"[10, 23]",20,48,22,-4,1,33,-29
"[10, 24]",21,8,20,1,66,33,7
"[10, 25]",21,41,23,-19,41,36,-9
"[10, 26]",19,16,16,9,87,33,-31
"[10, 27]",20,71,19,6,69,36,19
"[10, 28]",11,79,14,-13,48,22,6
"[10, 29]",21,67,21,-11,67,34,-1
"[10, 30]",18,41,19,-19,61,31,13
"[10, 31]",26,18,23,0,47,45,18
"[10, 32]",13,62,13,-23,29,25,8
"[10, 33]",14,71,14,6,56,25,-1
"[10, 34]",16,74,18,7,51,27,1
"[10, 35]",16,16,17,9,64,33,-11
"[10, 36]",15,80,18,9,37,30,8
"[10, 37]",18,35,19,-4,48,31,6
"[10, 38]",17,26,18,-5,26,31,5
"[10, 39]",18,47,17,8,53,38,0
"[10, 40]",21,74,23,7,30,34,2
"[10, 41]",19,11,19,3,73,34,-3
"[10, 42]",14,33,14,6,33,28,16
"[10, 43]",13,40,14,1,82,24,15
"[10, 44]",21,25,22,-48,53,36,0
"[10, 45]",13,83,14,6,89,22,14
"[10, 46]",16,80,16,9,9,30,-10
"[10, 47]",15,36,15,5,72,27,4
"[10, 48]",19,76,19,-11,26,32,5
"[10, 49]",19,40,18,1,88,32,-6
"[10, 50]",15,50,20,-4,50,27,6
"[10, 51]",16,48,15,-4,11,24,13
"[10, 52]",21,56,19,-11,56,38,-1
"[10, 53]",19,44,21,-24,44,32,-14
"[10, 54]",20,22,19,2,76,35,-1
"[10, 55]",22,1,22,-39,15,35,4
"[10, 56]",23,44,24,-24,44,39,-14
"[10, 57]",25,52,25,-12,44,42,-14
"[10, 58]",17,7,18,7,75,28,19
"[10, 59]",15,80,16,9,40,29,11
"[10, 60]",22,89,20,4,81,35,15
"[10, 61]",17,53,19,-10,31,31,18
"[10, 62]",28,46,24,2,68,45,-21
"[10, 63]",18,71,19,6,71,33,16
"[10, 64]",18,48,22,-4,54,31,4
"[10, 65]",14,62,15,-23,34,25,0
"[10, 66]",16,56,19,-11,56,30,-1
"[10, 67]",21,83,19,6,75,35,19
"[10, 68]",16,37,18,-2,20,29,14
"[10, 69]",19,83,17,6,5,32,-52
"[10, 70]",18,71,21,6,53,33,0
"[10, 71]",10,68,11,-31,68,19,-21
"[10, 72]",13,40,14,1,20,25,14
"[10, 73]",15,14,19,-1,14,32,9
"[10, 74]",16,77,16,-7,14,30,9
"[10, 75]",22,66,22,-3,53,35,0
"[10, 76]",26,59,25,-4,66,42,7
"[10, 77]",17,37,19,-2,37,32,8
"[10, 78]",13,22,15,2,3,27,15
"[10, 79]",12,74,13,7,42,22,-22
"[10, 80]",18,34,17,-10,34,29,0
"[10, 81]",22,34,21,-10,34,38,0
"[10, 82]",11,66,12,-3,66,18,7
"[10, 83]",13,31,14,8,54,28,4
"[10, 84]",24,17,24,-17,22,44,12
"[10, 85]",20,36,18,5,37,32,8
"[10, 86]",13,4,13,4,4,23,14
"[10, 87]",21,14,19,-1,53,35,0
"[10, 88]",25,73,22,-13,3,41,15
"[10, 89]",19,10,20,-1,10,35,9
"[10, 90]",12,47,12,8,3,22,15
"[11, 12]",16,61,16,3,44,29,-14
"[11, 13]",13,1,14,-39,43,26,13
"[11, 14]",16,86,15,-14,13,28,18
"[11, 15]",20,65,21,-26,71,33,16
"[11, 16]",17,9,18,-20,58,32,19
"[11, 17]",15,76,16,-11,74,27,17
"[11, 18]",15,55,16,7,30,25,2
"[11, 19]",21,78,21,-5,78,38,5
"[11, 20]",25,15,28,-6,15,42,4
"[11, 21]",12,35,13,-4,58,22,19
"[11, 22]",19,54,19,-6,82,34,15
"[11, 23]",22,15,20,-6,54,38,4
"[11, 24]",16,56,15,-11,51,26,1
"[11, 25]",12,47,14,8,40,29,11
"[11, 26]",16,40,19,1,40,32,11
"[11, 27]",19,20,19,4,62,33,-13
"[11, 28]",15,44,18,-24,26,30,5
"[11, 29]",22,84,18,6,40,35,11
"[11, 30]",14,67,15,-11,60,26,6
"[11, 31]",17,86,16,-14,14,30,9
"[11, 32]",22,40,20,1,1,35,-29
"[11, 33]",18,71,18,6,34,32,0
"[11, 34]",17,34,17,-10,34,28,0
"[11, 35]",15,75,14,9,5,24,-52
"[11, 36]",24,72,22,-6,65,41,-16
"[11, 37]",19,50,20,-4,46,31,12
"[11, 38]",15,10,15,-1,30,28,2
"[11, 39]",15,74,16,7,69,26,19
"[11, 40]",24,20,24,4,88,39,-6
"[11, 41]",21,26,19,-5,41,38,-9
"[11, 42]",18,89,18,4,11,31,13
"[11, 43]",17,23,17,0,36,30,15
"[11, 44]",16,26,19,-5,51,27,1
"[11, 45]",12,57,16,-3,57,22,7
"[11, 46]",14,81,15,5,90,24,3
"[11, 47]",15,23,16,0,13,26,18
"[11, 48]",23,26,21,-5,65,44,-16
"[11, 49]",24,14,23,-1,14,37,9
"[11, 50]",20,75,20,9,49,31,-1
"[11, 51]",28,35,27,-4,60,44,6
"[11, 52]",11,40,12,1,12,24,-27
"[11, 53]",18,20,18,4,15,32,4
"[11, 54]",16,22,15,2,48,29,6
"[11, 55]",18,55,21,7,32,28,10
"[11, 56]",22,37,24,-2,37,38,8
"[11, 57]",11,59,12,-4,88,22,-6
"[11, 58]",14,10,15,-1,1,25,-29
"[11, 59]",14,81,15,5,48,24,6
"[11, 60]",12,46,16,2,8,22,11
"[11, 61]",17,29,17,-2,5,30,-52
"[11, 62]",14,2,14,-41,68,27,-21
"[11, 63]",17,68,18,-31,8,27,11
"[11, 64]",15,10,15,-1,71,29,16
"[11, 65]",18,88,18,-16,12,33,-27
"[11, 66]",20,74,19,7,47,35,18
"[11, 67]",22,53,20,-10,53,35,0
"[11, 68]",25,82,22,5,89,39,14
"[11, 69]",9,11,12,3,11,20,13
"[11, 70]",18,81,19,5,81,34,15
"[11, 71]",15,32,17,0,74,29,17
"[11, 72]",22,86,19,-14,26,37,5
"[11, 73]",20,46,19,2,48,34,6
"[11, 74]",16,26,16,-5,40,27,11
"[11, 75]",22,65,22,-26,52,43,-2
"[11, 76]",17,11,16,3,11,30,13
"[11, 77]",13,77,14,-7,19,22,11
"[11, 78]",14,30,16,-8,30,29,2
"[11, 79]",15,5,16,-62,5,30,-52
"[11, 80]",12,41,13,-19,61,23,13
"[11, 81]",22,86,20,-14,8,34,11
"[11, 82]",24,13,21,8,78,36,5
"[11, 83]",20,89,18,4,59,32,6
"[11, 84]",19,51,22,-9,22,35,12
"[11, 85]",15,14,14,-1,75,27,19
"[11, 86]",12,81,15,5,81,26,15
"[11, 87]",16,71,19,6,71,30,16
"[11, 88]",20,35,18,-4,76,34,-1
"[11, 89]",13,46,18,2,26,25,5
"[11, 90]",17,54,18,-6,56,29,-1
"[12, 13]",8,59,10,-4,59,16,6
"[12, 14]",13,22,16,2,22,26,12
"[12, 15]",31,66,26,-3,49,46,-1
"[12, 16]",21,15,21,-6,67,36,-1
"[12, 17]",20,18,19,0,20,32,14
"[12, 18]",22,83,22,6,21,39,-23
"[12, 19]",18,76,16,-11,33,30,16
"[12, 20]",15,25,16,-48,76,32,-1
"[12, 21]",13,15,15,-6,18,24,10
"[12, 22]",22,84,22,6,10,44,9
"[12, 23]",18,36,20,5,36,34,15
"[12, 24]",21,44,21,-24,4,37,14
"[12, 25]",12,24,15,-16,16,24,19
"[12, 26]",17,84,22,6,5,29,-52
"[12, 27]",10,9,11,-20,9,20,-10
"[12, 28]",20,6,22,-16,19,39,11
"[12, 29]",22,33,21,6,33,38,16
"[12, 30]",14,48,14,-4,70,27,10
"[12, 31]",17,46,18,2,17,28,-7
"[12, 32]",23,57,21,-3,74,38,17
"[12, 33]",24,89,27,4,37,39,8
"[12, 34]",25,22,34,2,22,47,12
"[12, 35]",19,82,18,5,20,34,14
"[12, 36]",18,34,19,-10,84,30,16
"[12, 37]",13,34,15,-10,32,22,10
"[12, 38]",17,47,18,8,18,30,10
"[12, 39]",20,48,20,-4,30,32,2
"[12, 40]",18,35,17,-4,89,32,14
"[12, 41]",18,74,19,7,74,36,17
"[12, 42]",17,54,16,-6,14,29,9
"[12, 43]",11,66,11,-3,66,18,7
"[12, 44]",14,10,15,-1,10,24,9
"[12, 45]",15,5,16,-62,49,25,-1
"[12, 46]",19,61,20,3,68,29,-21
