2012/06/19,BA,9,33,81,51,58
2012/06/21,BA,57,88,26,69,75
2012/06/23,BA,4,35,36,43,55
2012/06/26,BA,40,49,35,26,39
2012/06/28,BA,6,68,18,21,69
2012/06/30,BA,35,89,13,61,51
2012/07/03,BA,49,43,8,59,2
2012/07/05,BA,32,63,11,20,81
2012/07/07,BA,49,57,35,74,22
2012/07/10,BA,43,79,35,87,77
2012/07/12,BA,78,7,46,45,22
2012/07/14,BA,68,73,80,70,18
2012/07/17,BA,61,82,13,14,20
2012/07/19,BA,9,87,2,78,29
2012/07/21,BA,45,19,35,38,78
2012/07/24,BA,40,35,11,6,60
2012/07/26,BA,79,51,83,26,63
2012/07/28,BA,3,90,66,52,70
2012/07/31,BA,70,77,2,1,43
2012/08/02,BA,5,66,14,49,78
2012/08/04,BA,42,49,90,8,21
2012/08/07,BA,32,76,55,57,41
2012/08/09,BA,82,35,43,59,69
2012/08/11,BA,72,86,57,68,37
2012/08/14,BA,56,80,64,3,37
2012/08/16,BA,29,65,15,3,6
2012/08/18,BA,73,50,59,25,86
2012/08/21,BA,86,32,89,2,88
2012/08/23,BA,44,81,69,77,37
2012/08/25,BA,79,36,88,15,5
2012/08/28,BA,37,13,20,84,90
2012/08/30,BA,26,83,90,72,79
2012/09/01,BA,41,80,39,60,40
2012/09/04,BA,4,46,85,61,9
2012/09/06,BA,44,62,74,70,49
2012/09/08,BA,28,33,72,62,88
2012/09/11,BA,20,5,6,25,71
2012/09/13,BA,3,9,15,84,34
2012/09/15,BA,7,52,25,83,88
2012/09/18,BA,15,35,67,78,6
2012/09/20,BA,53,38,2,10,49
2012/09/22,BA,43,83,17,37,15
2012/09/25,BA,90,36,59,3,64
2012/09/27,BA,59,19,28,58,76
2012/09/29,BA,51,81,2,8,67
2012/10/02,BA,64,72,45,86,5
2012/10/04,BA,77,89,38,72,45
2012/10/06,BA,34,1,74,61,89
2012/10/09,BA,31,25,75,37,84
2012/10/11,BA,23,59,57,50,77
2012/10/13,BA,79,90,1,23,16
2012/10/16,BA,25,34,22,84,7
2012/10/18,BA,70,46,30,37,90
2012/10/20,BA,72,55,75,64,71
2012/10/23,BA,90,8,84,36,30
2012/10/25,BA,34,79,81,20,12
2012/10/27,BA,82,56,77,49,69
2012/10/30,BA,42,30,89,84,59
2012/11/02,BA,10,6,68,50,87
2012/11/03,BA,28,7,55,62,58
2012/11/06,BA,31,25,86,84,87
2012/11/08,BA,36,66,53,3,77
2012/11/10,BA,25,13,72,70,47
2012/11/13,BA,34,77,80,53,33
2012/11/15,BA,86,71,23,90,8
2012/11/17,BA,81,45,69,38,72
2012/11/20,BA,24,61,74,41,72
2012/11/22,BA,30,27,66,43,13
2012/11/24,BA,69,20,15,64,59
2012/11/27,BA,14,28,59,42,67
2012/11/29,BA,2,31,88,28,55
2012/12/01,BA,60,73,63,19,82
2012/12/04,BA,67,4,42,27,29
2012/12/06,BA,16,2,51,19,74
2012/12/10,BA,43,41,30,64,61
2012/12/11,BA,23,62,87,64,38
2012/12/13,BA,8,66,47,62,88
2012/12/15,BA,75,38,57,27,54
2012/12/18,BA,3,86,62,49,57
2012/12/20,BA,43,68,36,8,89
2012/12/22,BA,80,61,88,35,50
2012/12/24,BA,81,27,61,60,83
2012/12/27,BA,10,19,29,79,31
2012/12/29,BA,71,37,17,4,49
2013/01/02,BA,16,71,82,63,60
2013/01/03,BA,51,58,17,87,18
2013/01/05,BA,64,54,12,87,58
2013/01/08,BA,48,54,67,76,61
2013/01/10,BA,66,61,7,37,48
2013/01/12,BA,25,49,36,20,26
2013/01/15,BA,49,32,47,10,35
2013/01/17,BA,38,45,27,7,61
2013/01/19,BA,51,65,36,2,38
2013/01/22,BA,30,88,4,35,5
2013/01/24,BA,76,68,84,7,42
2013/01/26,BA,32,33,46,40,8
2013/01/29,BA,50,29,5,69,90
2013/01/31,BA,4,36,29,83,15
2013/02/02,BA,62,39,20,22,37
2013/02/05,BA,84,73,61,1,62
2013/02/07,BA,73,39,30,80,13
2013/02/09,BA,80,61,76,11,64
2013/02/12,BA,6,5,46,3,77
2013/02/14,BA,33,5,69,77,4
2013/02/16,BA,49,35,32,76,13
2013/02/19,BA,17,34,22,21,35
2013/02/21,BA,8,39,20,27,32
2013/02/23,BA,54,59,18,58,7
2013/02/26,BA,50,51,28,53,34
2013/02/28,BA,62,35,20,22,40
2013/03/02,BA,44,61,7,72,63
2013/03/05,BA,10,9,69,7,40
2013/03/07,BA,18,14,50,74,11
2013/03/09,BA,11,80,21,51,19
2013/03/12,BA,60,72,13,21,44
2013/03/14,BA,7,23,58,64,24
2013/03/16,BA,67,40,74,12,6
2013/03/19,BA,26,46,38,16,83
2013/03/21,BA,90,26,28,60,69
2013/03/23,BA,55,69,82,41,64
2013/03/26,BA,66,1,79,81,62
2013/03/28,BA,3,31,24,35,86
2013/03/30,BA,76,33,45,2,25
2013/04/02,BA,41,17,8,54,48
2013/04/04,BA,60,58,23,27,30
2013/04/06,BA,43,54,34,65,66
2013/04/09,BA,14,30,9,45,29
2013/04/11,BA,57,84,83,59,10
2013/04/13,BA,30,82,10,56,80
2013/04/16,BA,83,19,43,17,30
2013/04/18,BA,55,40,15,16,81
2013/04/20,BA,68,80,11,90,37
2013/04/23,BA,18,20,49,28,67
2013/04/26,BA,13,6,81,40,3
2013/04/27,BA,80,12,58,39,43
2013/04/30,BA,6,69,64,25,34
2013/05/02,BA,26,69,35,21,50
2013/05/04,BA,1,75,29,58,11
2013/05/07,BA,13,77,87,35,8
2013/05/09,BA,42,89,50,5,79
2013/05/11,BA,89,22,21,57,63
2013/05/14,BA,81,19,79,67,18
2013/05/16,BA,19,63,80,23,61
2013/05/18,BA,31,61,51,57,73
2013/05/21,BA,43,42,61,77,90
2013/05/23,BA,23,81,53,3,89
2013/05/25,BA,52,41,44,24,48
2013/05/28,BA,16,32,41,33,29
2013/05/30,BA,17,23,59,87,3
2013/06/01,BA,90,33,31,66,79
2013/06/04,BA,59,81,29,8,62
2013/06/06,BA,55,47,83,18,24
2013/06/08,BA,27,87,76,37,69
2013/06/11,BA,7,60,90,55,34
2013/06/13,BA,59,79,49,75,5
2013/06/15,BA,6,58,7,74,51
2013/06/18,BA,1,47,7,9,20
2013/06/20,BA,54,36,1,77,28
2013/06/22,BA,41,82,51,56,72
2013/06/25,BA,18,89,79,53,55
2013/06/27,BA,38,81,12,3,78
2013/06/29,BA,45,14,67,12,41
2013/07/02,BA,66,7,81,49,50
2013/07/04,BA,81,5,71,43,61
2013/07/06,BA,87,49,3,46,81
2013/07/09,BA,68,21,23,59,24
2013/07/11,BA,19,24,7,66,88
2013/07/13,BA,68,49,5,26,46
2013/07/16,BA,81,27,51,20,70
2013/07/18,BA,57,68,85,53,63
2013/07/20,BA,54,53,83,79,47
2013/07/23,BA,41,8,33,54,35
2013/07/25,BA,71,21,63,17,42
2013/07/27,BA,9,88,46,36,58
2013/07/30,BA,29,7,69,17,50
2013/08/01,BA,41,31,21,77,72
2013/08/03,BA,11,1,40,43,76
2013/08/06,BA,52,57,69,76,53
2013/08/08,BA,23,57,64,74,4
2013/08/10,BA,52,86,10,90,6
2013/08/13,BA,81,86,56,6,39
2013/08/16,BA,6,82,60,73,70
2013/08/17,BA,47,56,7,74,58
2013/08/20,BA,9,5,62,1,69
2013/08/22,BA,65,41,35,75,13
2013/08/24,BA,52,71,21,89,23
2013/08/27,BA,41,17,11,62,8
2013/08/29,BA,59,72,87,48,24
2013/08/31,BA,64,84,12,63,15
2013/09/03,BA,58,6,68,80,31
2013/09/05,BA,9,5,65,44,10
2013/09/07,BA,33,26,57,24,80
2013/09/10,BA,4,69,29,60,45
2013/09/12,BA,16,80,2,34,60
2013/09/14,BA,52,2,42,15,49
2013/09/17,BA,11,61,75,16,38
2013/09/19,BA,40,24,61,65,27
2013/09/21,BA,54,62,47,79,74
2013/09/24,BA,9,89,64,1,52
2013/09/26,BA,46,61,83,25,20
2013/09/28,BA,86,19,14,80,89
2013/10/01,BA,31,42,66,16,7
2013/10/03,BA,56,84,58,65,1
2013/10/05,BA,58,9,34,66,5
2013/10/08,BA,47,53,44,19,55
2013/10/10,BA,24,85,84,87,75
2013/10/12,BA,87,53,78,24,13
2013/10/15,BA,49,69,79,58,23
2013/10/17,BA,42,68,11,65,32
2013/10/19,BA,52,45,89,60,73
2013/10/22,BA,68,33,41,52,45
2013/10/24,BA,9,88,30,77,90
2013/10/26,BA,8,66,82,74,15
2013/10/29,BA,23,14,29,49,70
2013/10/31,BA,9,89,73,72,80
2013/11/02,BA,2,61,31,60,39
2013/11/05,BA,83,40,45,36,33
2013/11/07,BA,47,81,34,51,20
2013/11/09,BA,13,53,5,22,26
2013/11/12,BA,6,21,41,31,63
2013/11/14,BA,1,64,25,82,60
2013/11/16,BA,73,31,14,89,34
2013/11/19,BA,47,71,36,49,25
2013/11/21,BA,6,78,8,66,60
2013/11/23,BA,16,79,19,55,27
2013/11/26,BA,45,82,48,19,60
2013/11/28,BA,69,89,47,61,59
2013/11/30,BA,45,49,64,33,67
2013/12/03,BA,57,45,29,12,59
2013/12/05,BA,13,20,62,33,67
2013/12/07,BA,29,11,20,80,81
2013/12/10,BA,75,14,49,44,80
2013/12/12,BA,48,43,53,51,49
2013/12/14,BA,38,84,19,39,59
2013/12/17,BA,15,16,71,17,20
2013/12/19,BA,16,53,30,22,6
2013/12/21,BA,33,36,48,88,74
2013/12/24,BA,57,78,6,13,12
2013/12/27,BA,16,53,61,87,4
2013/12/28,BA,55,76,53,40,77
2013/12/31,BA,43,24,47,50,78
2014/01/02,BA,16,15,40,34,24
2014/01/04,BA,72,74,24,19,52
2014/01/07,BA,39,77,19,37,76
2014/01/09,BA,81,72,13,76,67
2014/01/11,BA,55,90,77,73,20
2014/01/14,BA,67,28,12,25,69
2014/01/16,BA,6,15,85,65,24
2014/01/18,BA,55,45,57,75,34
2014/01/21,BA,75,68,4,10,88
2014/01/23,BA,58,7,47,32,2
2014/01/25,BA,76,66,14,68,63
2014/01/28,BA,74,25,10,76,12
2014/01/30,BA,84,66,88,27,17
2014/02/01,BA,87,27,5,84,18
2014/02/04,BA,12,42,90,32,58
2014/02/06,BA,89,68,56,3,53
2014/02/08,BA,38,83,84,46,57
2014/02/11,BA,90,1,68,59,15
2014/02/13,BA,40,47,62,74,48
2014/02/15,BA,65,3,13,38,66
2014/02/18,BA,49,62,7,60,61
2014/02/20,BA,78,18,23,60,4
2014/02/22,BA,45,32,37,34,62
2014/02/25,BA,3,26,47,86,77
2014/02/27,BA,68,65,40,43,14
2014/03/01,BA,36,78,39,21,79
2014/03/04,BA,75,10,22,62,67
2014/03/06,BA,11,57,62,42,52
2014/03/08,BA,10,55,88,90,16
2014/03/11,BA,40,20,72,30,19
2014/03/13,BA,69,7,8,4,75
2014/03/15,BA,78,55,24,37,27
2014/03/18,BA,46,4,27,34,62
2014/03/20,BA,12,2,76,86,9
2014/03/22,BA,81,89,39,31,35
2014/03/25,BA,3,20,10,27,13
2014/03/27,BA,39,45,58,79,31
2014/03/29,BA,23,2,34,65,12
2014/04/01,BA,80,1,8,59,89
2014/04/03,BA,16,27,22,58,35
2014/04/05,BA,53,57,70,74,55
2014/04/08,BA,51,21,68,46,81
2014/04/10,BA,46,76,80,17,78
2014/04/12,BA,48,69,70,71,23
2014/04/15,BA,52,53,40,15,83
2014/04/17,BA,21,74,23,68,22
2014/04/19,BA,63,61,82,20,52
2014/04/22,BA,43,78,81,3,90
2014/04/24,BA,7,43,66,23,77
2014/04/26,BA,51,24,89,3,86
2014/04/29,BA,89,65,72,43,22
2014/05/02,BA,6,22,65,77,51
2014/05/03,BA,33,77,83,30,56
2014/05/06,BA,81,43,31,90,56
2014/05/08,BA,59,82,33,90,44
2014/05/10,BA,15,78,82,87,81
2014/05/13,BA,57,60,34,90,70
2014/05/15,BA,54,33,25,10,6
2014/05/17,BA,51,3,8,68,77
2014/05/20,BA,54,44,33,59,86
2014/05/22,BA,41,60,12,5,16
2014/05/24,BA,75,1,12,34,83
2014/05/27,BA,23,21,27,64,45
2014/05/29,BA,82,52,65,4,75
2014/05/31,BA,28,15,61,18,29
2014/06/03,BA,37,29,28,76,72
2014/06/05,BA,20,48,81,23,14
2014/06/07,BA,9,48,41,26,46
2014/06/10,BA,50,21,19,2,54
2014/06/12,BA,2,29,51,41,45
2014/06/14,BA,43,42,59,45,73
2014/06/17,BA,84,52,40,64,61
2014/06/19,BA,47,42,56,45,54
2014/06/21,BA,24,84,28,79,73
2014/06/24,BA,75,65,2,12,77
2014/06/26,BA,74,26,63,56,23
2014/06/28,BA,45,65,78,13,69
2014/07/01,BA,86,35,29,70,22
2014/07/03,BA,38,33,52,26,60
2014/07/05,BA,31,15,41,11,48
2014/07/08,BA,33,47,59,28,46
2014/07/10,BA,4,24,75,25,18
2014/07/12,BA,75,55,73,21,37
2014/07/15,BA,79,44,15,82,39
2014/07/17,BA,83,36,77,59,65
2014/07/19,BA,49,45,9,16,62
2014/07/22,BA,38,26,80,50,87
2014/07/24,BA,82,10,13,3,57
2014/07/26,BA,83,50,37,41,11
2014/07/29,BA,1,34,19,82,66
2014/07/31,BA,75,39,11,74,89
2014/08/02,BA,37,40,29,27,81
2014/08/05,BA,50,42,54,38,73
2014/08/07,BA,19,67,85,40,44
2014/08/09,BA,15,81,8,29,64
2014/08/12,BA,21,16,72,2,44
2014/08/14,BA,58,20,22,76,11
2014/08/16,BA,15,77,31,4,73
2014/08/19,BA,70,69,83,47,32
2014/08/21,BA,53,61,7,62,83
2014/08/23,BA,52,43,16,38,24
2014/08/26,BA,82,15,56,48,47
2014/08/28,BA,26,59,76,51,19
2014/08/30,BA,25,23,50,68,70
2014/09/02,BA,72,81,35,85,71
2014/09/04,BA,56,59,10,69,61
2014/09/06,BA,73,7,36,35,22
2014/09/09,BA,29,86,21,28,5
2014/09/11,BA,88,48,69,32,58
2014/09/13,BA,26,34,5,40,8
2014/09/16,BA,76,28,13,81,48
2014/09/18,BA,1,17,67,68,61
2014/09/20,BA,62,71,25,78,59
2014/09/23,BA,24,26,54,17,69
2014/09/25,BA,22,77,12,78,55
2014/09/27,BA,85,33,76,21,10
2014/09/30,BA,27,84,70,67,38
2014/10/02,BA,33,83,37,65,9
2014/10/04,BA,53,75,11,64,39
2014/10/07,BA,18,87,45,15,79
2014/10/09,BA,48,42,16,19,59
2014/10/11,BA,79,32,52,60,87
2014/10/14,BA,41,13,64,47,73
2014/10/16,BA,22,67,63,1,73
2014/10/18,BA,63,67,48,39,14
2014/10/21,BA,66,5,30,82,74
2014/10/23,BA,75,73,9,4,28
2014/10/25,BA,16,10,52,12,26
2014/10/28,BA,62,16,58,64,43
2014/10/30,BA,30,47,48,35,1
2014/11/03,BA,2,38,10,8,81
2014/11/04,BA,5,2,49,35,39
2014/11/06,BA,30,76,68,60,40
2014/11/08,BA,34,52,36,83,5
2014/11/11,BA,37,88,10,39,23
2014/11/13,BA,89,40,12,69,79
2014/11/15,BA,57,22,38,18,80
2014/11/18,BA,35,58,89,10,71
2014/11/20,BA,85,84,65,30,6
2014/11/22,BA,21,66,58,26,45
2014/11/25,BA,26,22,89,41,90
2014/11/27,BA,40,67,3,10,69
2014/11/29,BA,19,22,50,39,61
2014/12/02,BA,12,90,34,53,52
2014/12/04,BA,81,4,60,71,33
2014/12/06,BA,28,78,16,67,66
2014/12/09,BA,72,27,62,60,51
2014/12/11,BA,51,75,58,54,36
2014/12/13,BA,73,56,81,34,88
2014/12/16,BA,81,27,60,13,43
2014/12/18,BA,29,82,20,4,65
2014/12/20,BA,55,79,51,12,86
2014/12/23,BA,59,18,39,68,55
2014/12/24,BA,14,5,66,4,62
2014/12/27,BA,41,30,56,9,6
2014/12/30,BA,28,56,21,85,67
2015/01/02,BA,40,62,59,47,3
2015/01/03,BA,43,61,18,30,84
2015/01/07,BA,67,20,16,58,48
2015/01/08,BA,44,65,5,70,52
2015/01/10,BA,6,77,86,63,10
2015/01/13,BA,74,89,45,60,15
2015/01/15,BA,23,65,32,57,29
2015/01/17,BA,80,48,51,4,65
2015/01/20,BA,50,24,56,48,20
2015/01/22,BA,71,28,11,79,38
2015/01/24,BA,76,21,6,81,15
2015/01/27,BA,66,26,4,51,50
2015/01/29,BA,12,72,35,1,45
2015/01/31,BA,36,16,87,7,22
2015/02/03,BA,52,68,39,5,85
2015/02/05,BA,51,25,50,86,63
2015/02/07,BA,15,34,82,38,73
2015/02/10,BA,6,88,7,56,49
2015/02/12,BA,13,89,71,39,32
2015/02/14,BA,58,35,17,37,30
2015/02/17,BA,80,82,5,60,33
2015/02/19,BA,6,32,85,13,62
2015/02/21,BA,29,32,23,46,50
2015/02/24,BA,62,37,58,74,87
2015/02/26,BA,58,75,78,29,17
2015/02/28,BA,35,42,52,87,47
2015/03/03,BA,19,71,43,37,66
2015/03/05,BA,30,6,63,58,87
2015/03/07,BA,72,82,86,35,4
2015/03/10,BA,50,47,69,86,72
2015/03/12,BA,26,16,73,89,90
2015/03/14,BA,44,73,26,87,89
2015/03/17,BA,81,26,57,10,62
2015/03/19,BA,61,65,72,38,11
2015/03/21,BA,73,87,58,34,69
2015/03/24,BA,50,61,77,59,81
2015/03/26,BA,23,53,46,20,85
2015/03/28,BA,76,65,74,75,43
2015/03/31,BA,9,1,43,79,28
2015/04/02,BA,40,43,28,16,6
2015/04/04,BA,17,89,45,43,72
2015/04/07,BA,78,70,45,64,71
2015/04/09,BA,56,37,35,61,79
2015/04/11,BA,72,10,53,52,15
2015/04/14,BA,27,47,52,46,50
2015/04/16,BA,37,33,41,49,59
2015/04/18,BA,38,84,64,66,90
2015/04/21,BA,8,46,47,85,6
2015/04/23,BA,35,48,42,15,37
2015/04/27,BA,90,15,32,55,2
2015/04/28,BA,47,57,10,22,39
2015/04/30,BA,56,11,73,36,13
2015/05/02,BA,89,30,86,72,65
2015/05/05,BA,12,3,52,40,39
2015/05/07,BA,21,12,10,5,22
2015/05/09,BA,90,80,38,88,30
2015/05/12,BA,70,26,35,38,68
2015/05/14,BA,57,46,41,32,78
2015/05/16,BA,47,65,59,35,80
2015/05/19,BA,8,48,4,63,11
2015/05/21,BA,64,56,20,21,23
2015/05/23,BA,57,61,25,29,21
2015/05/26,BA,47,64,50,59,15
2015/05/28,BA,53,16,17,40,41
2015/05/30,BA,14,1,46,80,83
2015/06/03,BA,40,55,75,13,15
2015/06/04,BA,38,2,14,45,74
2015/06/06,BA,52,9,61,41,30
2015/06/09,BA,5,13,78,64,87
2015/06/11,BA,36,30,7,18,85
2015/06/13,BA,19,4,41,48,20
2015/06/16,BA,18,69,40,37,3
2015/06/18,BA,36,22,62,26,28
2015/06/20,BA,10,14,50,45,79
2015/06/23,BA,26,67,38,37,15
2015/06/25,BA,47,66,80,75,53
2015/06/27,BA,56,51,87,41,44
2015/06/30,BA,56,90,54,85,2
2015/07/02,BA,1,25,39,13,31
2015/07/04,BA,20,81,55,24,57
2015/07/07,BA,25,60,75,43,18
2015/07/09,BA,87,21,12,29,1
2015/07/11,BA,13,75,45,77,57
2015/07/14,BA,33,6,82,67,38
2015/07/16,BA,80,89,6,46,60
2015/07/18,BA,3,25,41,31,11
2015/07/21,BA,61,65,46,51,57
2015/07/23,BA,2,86,8,84,5
2015/07/25,BA,58,46,41,40,39
2015/07/28,BA,64,4,25,41,3
2015/07/30,BA,87,19,62,78,52
2015/08/01,BA,34,64,37,3,18
2015/08/04,BA,62,9,75,61,8
2015/08/06,BA,25,38,70,10,1
2015/08/08,BA,21,12,8,68,46
2015/08/11,BA,27,2,89,16,5
2015/08/13,BA,4,9,20,3,51
2015/08/17,BA,90,82,1,75,11
2015/08/18,BA,65,51,76,27,5
2015/08/20,BA,46,59,31,66,39
2015/08/22,BA,26,5,40,9,64
2015/08/25,BA,79,9,35,32,65
2015/08/27,BA,43,54,85,73,7
2015/08/29,BA,45,29,86,89,14
2015/09/01,BA,73,20,26,43,90
2015/09/03,BA,37,78,66,46,58
2015/09/05,BA,61,71,43,84,28
2015/09/08,BA,5,26,68,75,28
2015/09/10,BA,43,50,84,33,54
2015/09/12,BA,7,51,36,61,64
2015/09/15,BA,3,53,8,73,74
2015/09/17,BA,11,76,51,67,42
2015/09/19,BA,54,24,71,62,83
2015/09/22,BA,73,15,49,1,75
2015/09/24,BA,3,66,6,25,2
2015/09/26,BA,90,73,29,2,24
2015/09/29,BA,79,21,1,34,9
2015/10/01,BA,82,72,5,24,2
2015/10/03,BA,58,88,60,38,31
2015/10/06,BA,65,45,33,62,68
2015/10/08,BA,42,56,9,8,11
2015/10/10,BA,87,16,66,18,61
2015/10/13,BA,13,63,8,11,43
2015/10/15,BA,77,1,13,23,56
2015/10/17,BA,25,33,1,5,54
2015/10/20,BA,40,61,82,66,3
2015/10/22,BA,55,83,86,70,60
2015/10/24,BA,13,52,8,3,18
2015/10/27,BA,86,67,65,83,77
2015/10/29,BA,57,26,81,70,77
2015/10/31,BA,6,16,23,88,58
2015/11/03,BA,28,4,5,77,27
2015/11/05,BA,20,57,26,77,55
2015/11/07,BA,32,56,36,90,83
2015/11/10,BA,84,15,4,42,82
2015/11/12,BA,83,84,26,52,69
2015/11/14,BA,89,29,73,65,13
2015/11/17,BA,57,36,65,33,53
2015/11/19,BA,69,2,43,18,76
2015/11/21,BA,64,66,41,75,86
2015/11/24,BA,72,4,40,28,80
2015/11/26,BA,9,86,14,76,10
2015/11/28,BA,25,73,4,58,44
2015/12/01,BA,90,63,44,43,85
2015/12/03,BA,61,30,42,16,28
2015/12/05,BA,15,36,24,13,6
2015/12/09,BA,83,52,68,27,3
2015/12/10,BA,8,36,21,57,28
2015/12/12,BA,23,52,13,48,47
2015/12/15,BA,62,29,50,49,12
2015/12/17,BA,81,39,20,44,76
2015/12/19,BA,79,24,88,11,35
2015/12/22,BA,25,83,65,71,70
2015/12/24,BA,5,15,9,53,65
2015/12/28,BA,36,73,31,71,77
2015/12/29,BA,61,3,1,42,8
2015/12/31,BA,33,78,6,89,74
2016/01/02,BA,57,53,33,10,61
2016/01/05,BA,41,39,3,59,89
2016/01/07,BA,65,49,34,39,88
2016/01/09,BA,29,40,7,89,59
2016/01/12,BA,8,67,3,71,42
2016/01/14,BA,11,15,12,8,75
2016/01/16,BA,10,63,79,88,24
2016/01/19,BA,17,24,69,40,3
2016/01/21,BA,1,74,38,61,90
2016/01/23,BA,23,86,4,48,63
2016/01/26,BA,44,35,13,78,42
2016/01/28,BA,46,73,37,58,45
2016/01/30,BA,82,59,11,33,50
2016/02/02,BA,74,23,36,27,5
2016/02/04,BA,61,87,13,54,31
2016/02/06,BA,19,70,12,44,42
2016/02/09,BA,70,63,52,54,25
2016/02/11,BA,16,58,83,7,15
2016/02/13,BA,33,27,1,76,83
2016/02/16,BA,75,80,43,71,14
2016/02/18,BA,31,33,67,37,74
2016/02/20,BA,74,32,5,49,59
2016/02/23,BA,38,34,74,85,20
2016/02/25,BA,32,82,75,74,34
2016/02/27,BA,30,17,54,83,68
2016/03/01,BA,30,47,79,10,67
2016/03/03,BA,13,53,29,15,20
2016/03/05,BA,12,67,32,37,23
2016/03/08,BA,81,7,87,61,71
2016/03/10,BA,34,27,82,5,11
2016/03/12,BA,86,69,79,81,22
2016/03/15,BA,32,40,53,20,8
2016/03/17,BA,83,29,23,24,59
2016/03/19,BA,44,56,69,61,32
2016/03/22,BA,21,5,65,52,88
2016/03/24,BA,52,76,55,86,67
2016/03/26,BA,61,88,70,85,83
2016/03/29,BA,71,55,84,30,3
2016/03/31,BA,79,38,71,31,13
2016/04/02,BA,3,86,38,20,46
2016/04/05,BA,20,76,61,25,57
2016/04/07,BA,23,15,68,22,11
2016/04/09,BA,15,48,22,21,1
2016/04/12,BA,77,19,18,12,86
2016/04/14,BA,30,5,48,89,3
2016/04/16,BA,69,70,12,10,14
2016/04/19,BA,51,77,62,69,49
2016/04/21,BA,34,78,33,12,59
2016/04/23,BA,55,64,87,81,27
2016/04/26,BA,74,5,71,25,88
2016/04/28,BA,11,13,78,48,20
2016/04/30,BA,39,8,24,37,17
2016/05/03,BA,29,56,44,16,77
2016/05/05,BA,27,66,87,20,3
2016/05/07,BA,49,15,34,11,65
2016/05/10,BA,60,27,75,73,83
2016/05/12,BA,25,68,62,86,47
2016/05/14,BA,57,49,30,74,3
2016/05/17,BA,18,45,74,32,3
2016/05/19,BA,15,50,6,38,83
2016/05/21,BA,42,8,9,5,3
2016/05/24,BA,3,46,63,74,56
2016/05/26,BA,69,39,24,41,22
2016/05/28,BA,6,31,48,87,24
2016/05/31,BA,56,13,17,36,8
2016/06/03,BA,19,74,64,52,65
2016/06/04,BA,11,61,48,17,66
2016/06/07,BA,1,36,38,54,64
2016/06/09,BA,34,53,5,7,62
2016/06/11,BA,39,11,6,64,20
2016/06/14,BA,6,62,46,80,37
2016/06/16,BA,74,22,33,84,7
2016/06/18,BA,63,76,74,73,30
2016/06/21,BA,20,33,23,62,76
2016/06/23,BA,17,81,90,68,70
2016/06/25,BA,7,9,10,54,27
2016/06/28,BA,59,46,72,61,44
2016/06/30,BA,33,40,44,41,89
2016/07/02,BA,73,38,75,39,52
2016/07/05,BA,80,54,8,43,60
2016/07/07,BA,9,87,18,26,88
2016/07/09,BA,61,58,44,69,80
2016/07/12,BA,69,50,73,11,89
2016/07/14,BA,6,77,54,87,35
2016/07/16,BA,56,89,9,54,47
2016/07/19,BA,20,66,76,48,53
2016/07/21,BA,77,2,89,8,76
2016/07/23,BA,25,59,15,16,5
2016/07/26,BA,86,51,2,62,71
2016/07/28,BA,83,81,72,77,59
2016/07/30,BA,66,88,12,11,17
2016/08/02,BA,23,69,48,76,25
2016/08/04,BA,65,60,32,42,90
2016/08/06,BA,66,33,75,1,41
2016/08/09,BA,10,41,45,54,1
2016/08/11,BA,86,25,69,34,51
2016/08/13,BA,43,34,67,35,68
2016/08/16,BA,8,63,45,30,79
2016/08/18,BA,63,70,33,67,37
2016/08/20,BA,26,24,3,37,62
2016/08/23,BA,9,74,3,72,53
2016/08/25,BA,46,43,74,38,54
2016/08/27,BA,39,24,62,17,52
2016/08/30,BA,76,5,37,40,84
2016/09/01,BA,36,31,32,71,34
2016/09/03,BA,41,17,75,57,65
2016/09/06,BA,36,60,22,29,65
2016/09/08,BA,23,89,66,20,18
2016/09/10,BA,4,73,13,89,23
2016/09/13,BA,80,78,29,45,18
2016/09/15,BA,80,39,82,54,24
2016/09/17,BA,89,3,82,25,17
2016/09/20,BA,76,87,12,84,80
2016/09/22,BA,34,12,68,2,80
2016/09/24,BA,32,7,11,25,43
2016/09/27,BA,5,74,9,35,1
2016/09/29,BA,30,10,59,84,36
2016/10/01,BA,63,26,54,11,50
2016/10/04,BA,35,54,3,41,29
2016/10/06,BA,66,46,48,43,74
2016/10/08,BA,9,28,54,62,59
2016/10/11,BA,77,64,13,10,29
2016/10/13,BA,28,66,38,83,25
2016/10/15,BA,67,51,10,76,69
2016/10/18,BA,33,45,35,75,5
2016/10/20,BA,86,76,33,82,35
2016/10/22,BA,64,90,40,88,25
2016/10/25,BA,49,25,53,15,65
2016/10/27,BA,75,22,27,87,17
2016/10/29,BA,17,22,52,33,47
2016/11/02,BA,57,37,49,10,17
2016/11/03,BA,14,60,58,48,28
2016/11/05,BA,19,40,9,20,87
2016/11/08,BA,31,19,38,12,7
2016/11/10,BA,62,8,18,26,87
2016/11/12,BA,53,71,35,70,82
2016/11/15,BA,28,63,15,86,79
2016/11/17,BA,79,16,60,65,75
2016/11/19,BA,57,81,8,7,76
2016/11/22,BA,68,19,5,48,59
2016/11/24,BA,25,47,22,13,88
2016/11/26,BA,2,5,28,3,31
2016/11/29,BA,88,54,27,30,59
2016/12/01,BA,15,4,9,70,6
2016/12/03,BA,67,86,74,73,29
2016/12/06,BA,83,64,36,62,56
2016/12/09,BA,77,58,45,90,66
2016/12/10,BA,79,83,28,12,2
2016/12/13,BA,90,68,11,81,9
2016/12/15,BA,1,79,11,6,8
2016/12/17,BA,14,45,49,51,12
2016/12/20,BA,26,13,28,69,2
2016/12/22,BA,42,84,40,89,56
2016/12/24,BA,35,5,17,41,45
2016/12/27,BA,20,50,41,83,88
2016/12/29,BA,16,42,73,78,47
2016/12/31,BA,64,74,57,4,87
2017/01/03,BA,27,28,80,42,71
2017/01/05,BA,37,8,38,82,80
2017/01/07,BA,23,22,7,72,40
2017/01/10,BA,71,9,26,12,75
2017/01/12,BA,19,67,33,28,66
2017/01/14,BA,30,40,25,33,35
2017/01/17,BA,85,47,57,42,89
2017/01/19,BA,26,83,35,46,89
2017/01/21,BA,81,46,39,12,10
2017/01/24,BA,32,83,9,43,46
2017/01/26,BA,12,69,58,60,41
2017/01/28,BA,55,50,68,45,23
2017/01/31,BA,79,64,8,1,62
2017/02/02,BA,60,25,42,11,86
2017/02/04,BA,69,25,68,62,58
2017/02/07,BA,35,76,48,29,41
2017/02/09,BA,5,64,11,89,72
2017/02/11,BA,43,37,88,36,59
2017/02/14,BA,1,7,51,71,72
2017/02/16,BA,32,50,56,45,8
2017/02/18,BA,69,84,55,50,75
2017/02/21,BA,66,30,84,7,56
2017/02/23,BA,76,75,27,84,61
2017/02/25,BA,52,68,57,50,33
2017/02/28,BA,55,29,89,61,74
2017/03/02,BA,74,28,22,13,67
2017/03/04,BA,35,66,36,32,77
2017/03/07,BA,22,60,12,62,36
2017/03/09,BA,38,40,47,59,80
2017/03/11,BA,16,19,24,66,74
2017/03/14,BA,59,74,55,12,77
2017/03/16,BA,7,76,44,24,67
2017/03/18,BA,69,37,70,81,22
2017/03/21,BA,7,74,65,32,12
2017/03/23,BA,54,33,1,15,71
2017/03/25,BA,75,27,23,64,73
2017/03/28,BA,55,70,58,20,78
2017/03/30,BA,49,61,42,9,1
2017/04/01,BA,72,18,75,73,14
2017/04/04,BA,81,69,68,6,63
2017/04/06,BA,60,48,82,27,9
2017/04/08,BA,70,12,69,73,30
2017/04/11,BA,60,20,68,15,44
2017/04/13,BA,22,87,90,73,75
2017/04/15,BA,89,61,32,14,80
2017/04/18,BA,5,74,40,51,9
2017/04/20,BA,80,61,73,67,77
2017/04/22,BA,8,57,23,50,58
2017/04/26,BA,44,89,36,83,74
2017/04/27,BA,60,30,41,10,55
2017/04/29,BA,90,40,44,26,53
2017/05/02,BA,86,23,39,89,5
2017/05/04,BA,61,70,47,71,75
2017/05/06,BA,15,31,20,78,66
2017/05/09,BA,39,50,71,36,82
2017/05/11,BA,6,55,39,7,43
2017/05/13,BA,84,68,3,19,18
2017/05/16,BA,27,57,61,16,10
2017/05/18,BA,10,89,60,34,88
2017/05/20,BA,44,71,11,48,68
2017/05/23,BA,57,14,66,80,45
2017/05/25,BA,69,88,47,1,74
2017/05/27,BA,57,64,14,17,5
2017/05/30,BA,47,57,80,53,32
2017/06/01,BA,46,66,89,68,3
2017/06/03,BA,29,48,50,5,8
2017/06/06,BA,82,27,70,68,19
2017/06/08,BA,5,83,38,40,42
2017/06/10,BA,32,37,10,31,62
2017/06/13,BA,42,37,45,36,16
2017/06/15,BA,61,3,59,56,22
2017/06/17,BA,17,34,62,48,41
2017/06/20,BA,25,83,19,65,38
2017/06/22,BA,57,52,87,82,29
2017/06/24,BA,89,81,13,57,40
2017/06/27,BA,71,75,38,8,10
2017/06/29,BA,79,63,53,65,11
2017/07/01,BA,42,35,70,32,28
2017/07/04,BA,19,44,89,31,59
2017/07/06,BA,1,48,2,16,56
2017/07/08,BA,78,70,32,33,43
2017/07/11,BA,73,76,23,83,38
2017/07/13,BA,40,14,71,86,74
2017/07/15,BA,28,5,2,80,6
2017/07/18,BA,19,75,77,57,9
2017/07/20,BA,37,14,9,66,35
2017/07/22,BA,26,60,53,15,7
2017/07/25,BA,21,59,79,85,55
2017/07/27,BA,10,17,88,59,21
2017/07/29,BA,74,50,62,14,59
2017/08/01,BA,49,70,75,28,74
2017/08/03,BA,82,58,10,76,26
2017/08/05,BA,23,82,59,4,86
2017/08/08,BA,37,25,3,15,51
2017/08/10,BA,78,73,16,23,18
2017/08/12,BA,62,51,61,48,53
2017/08/16,BA,38,57,73,74,2
2017/08/17,BA,70,1,57,47,19
2017/08/19,BA,44,37,50,72,62
2017/08/22,BA,34,60,89,45,61
2017/08/24,BA,16,53,90,18,77
2017/08/26,BA,79,56,43,19,34
2017/08/29,BA,32,23,82,48,39
2017/08/31,BA,70,16,69,86,83
2017/09/02,BA,47,68,5,61,17
2017/09/05,BA,4,47,12,37,16
2017/09/07,BA,2,57,23,31,26
2017/09/09,BA,19,57,53,59,74
2017/09/12,BA,38,27,73,15,81
2017/09/14,BA,25,89,2,46,9
2017/09/16,BA,67,58,1,85,37
2017/09/19,BA,50,35,29,15,5
2017/09/21,BA,84,27,62,56,10
2017/09/23,BA,31,17,75,7,25
2017/09/26,BA,76,61,74,44,55
2017/09/28,BA,7,58,57,26,63
2017/09/30,BA,42,27,56,52,64
2017/10/03,BA,58,67,3,89,6
2017/10/05,BA,65,54,68,72,47
2017/10/07,BA,82,75,27,58,79
2017/10/10,BA,18,10,22,87,31
2017/10/12,BA,51,74,48,25,40
2017/10/14,BA,69,25,3,62,10
2017/10/17,BA,35,17,6,49,50
2017/10/19,BA,22,50,27,37,26
2017/10/21,BA,13,68,85,40,28
2017/10/24,BA,28,76,33,53,72
2017/10/26,BA,16,14,46,8,11
2017/10/28,BA,44,41,13,32,42
2017/10/31,BA,32,5,31,78,90
2017/11/02,BA,27,90,38,24,34
2017/11/04,BA,32,45,5,8,59
2017/11/07,BA,42,69,53,31,45
2017/11/09,BA,16,13,32,9,76
2017/11/11,BA,47,63,80,36,69
2017/11/14,BA,60,30,37,46,83
2017/11/16,BA,38,26,4,81,49
2017/11/18,BA,55,86,65,13,84
2017/11/21,BA,56,47,5,58,34
2017/11/23,BA,71,29,47,30,63
2017/11/25,BA,14,61,84,21,50
2017/11/28,BA,26,55,30,41,15
2017/11/30,BA,17,79,58,48,28
2017/12/02,BA,75,45,39,60,43
2017/12/05,BA,27,14,73,58,59
2017/12/07,BA,42,78,32,79,51
2017/12/09,BA,65,34,77,31,82
2017/12/12,BA,24,30,32,31,72
2017/12/14,BA,84,23,17,39,3
2017/12/16,BA,17,37,42,54,48
2017/12/19,BA,55,77,47,67,11
2017/12/21,BA,73,3,74,11,33
2017/12/23,BA,85,3,25,80,14
2017/12/27,BA,17,85,49,76,58
2017/12/28,BA,52,81,79,71,44
2017/12/30,BA,75,84,87,40,55
2018/01/02,BA,41,21,60,8,54
2018/01/04,BA,30,19,7,21,64
2018/01/08,BA,55,80,87,38,47
2018/01/09,BA,37,34,67,77,60
2018/01/11,BA,43,52,23,32,55
2018/01/13,BA,36,80,56,53,67
2018/01/16,BA,76,34,60,75,71
2018/01/18,BA,51,1,4,38,50
2018/01/20,BA,24,31,53,6,56
2018/01/23,BA,40,35,30,9,74
2018/01/25,BA,38,74,2,62,52
2018/01/27,BA,11,84,85,37,26
2018/01/30,BA,24,62,2,20,59
2018/02/01,BA,62,55,45,80,74
2018/02/03,BA,59,3,86,30,71
2018/02/06,BA,83,17,81,65,8
2018/02/08,BA,60,17,9,63,90
2018/02/10,BA,8,52,23,40,3
2018/02/13,BA,43,50,76,2,22
2018/02/15,BA,1,55,28,12,88
2018/02/17,BA,63,85,22,54,18
2018/02/20,BA,5,49,84,24,22
2018/02/22,BA,14,53,88,9,42
2018/02/24,BA,27,79,70,52,25
2018/02/27,BA,57,20,58,2,23
2018/03/01,BA,70,57,66,47,37
2018/03/03,BA,9,38,4,54,73
2018/03/06,BA,83,71,20,44,38
2018/03/08,BA,54,44,7,55,57
2018/03/10,BA,83,24,60,56,13
2018/03/13,BA,39,12,32,24,18
2018/03/15,BA,24,36,80,43,84
2018/03/17,BA,47,31,38,25,34
2018/03/20,BA,90,50,10,5,56
2018/03/22,BA,10,53,28,5,67
2018/03/24,BA,12,67,55,90,73
2018/03/27,BA,65,63,77,18,58
2018/03/29,BA,20,38,83,26,65
2018/03/31,BA,17,10,85,12,45
2018/04/03,BA,4,23,20,11,84
2018/04/05,BA,66,51,83,90,70
2018/04/07,BA,82,1,13,58,56
2018/04/10,BA,35,47,26,74,8
2018/04/12,BA,58,76,68,60,36
2018/04/14,BA,16,20,77,82,70
2018/04/17,BA,64,49,58,88,46
2018/04/19,BA,52,73,77,74,22
2018/04/21,BA,54,45,20,31,71
2018/04/24,BA,36,70,12,61,9
2018/04/26,BA,83,49,23,45,5
2018/04/28,BA,78,30,44,5,76
2018/05/02,BA,42,26,89,79,18
2018/05/03,BA,15,34,82,3,49
2018/05/05,BA,55,69,13,16,54
2018/05/08,BA,60,62,87,20,52
2018/05/10,BA,87,52,54,44,62
2018/05/12,BA,34,1,12,79,81
2018/05/15,BA,33,90,47,65,11
2018/05/17,BA,13,90,4,48,78
2018/05/19,BA,30,21,77,60,33
2018/05/22,BA,84,31,36,6,79
2018/05/24,BA,65,57,38,85,47
2018/05/26,BA,38,72,42,8,50
2018/05/29,BA,89,79,46,17,1
2018/05/31,BA,48,49,44,39,79
2018/06/04,BA,68,3,70,14,6
2018/06/05,BA,67,15,90,56,46
2018/06/07,BA,17,55,4,9,87
2018/06/09,BA,30,52,31,44,27
2018/06/12,BA,7,43,35,2,62
2018/06/14,BA,82,54,52,77,9
2018/06/16,BA,28,77,48,73,44
2018/06/19,BA,20,77,25,48,41
2018/06/21,BA,5,26,50,28,71
2018/06/23,BA,31,84,70,3,13
2018/06/26,BA,30,55,45,23,54
2018/06/28,BA,22,68,20,42,77
2018/06/30,BA,10,81,57,44,31
2018/07/03,BA,78,84,85,57,44
2018/07/05,BA,54,31,62,83,35
2018/07/07,BA,50,64,2,51,43
2018/07/10,BA,60,29,38,77,62
2018/07/12,BA,32,40,7,1,20
2018/07/14,BA,84,88,49,20,89
2018/07/17,BA,63,81,77,70,14
2018/07/19,BA,20,87,21,59,3
2018/07/21,BA,50,83,22,85,11
2018/07/24,BA,14,54,5,49,78
2018/07/26,BA,69,65,58,81,72
2018/07/28,BA,40,42,64,14,52
2018/07/31,BA,9,64,38,63,88
2018/08/02,BA,44,19,77,83,27
2018/08/04,BA,83,10,15,87,68
2018/08/07,BA,69,16,44,50,45
2018/08/09,BA,34,17,20,22,68
2018/08/11,BA,54,63,76,15,1
2018/08/14,BA,10,71,8,62,14
2018/08/16,BA,90,58,7,19,71
2018/08/18,BA,40,13,8,84,62
2018/08/21,BA,45,3,20,84,68
2018/08/23,BA,89,25,72,3,84
2018/08/25,BA,76,61,26,29,60
2018/08/28,BA,57,80,47,77,45
2018/08/30,BA,18,36,9,71,13
2018/09/01,BA,54,16,84,75,4
2018/09/04,BA,2,20,69,73,60
2018/09/06,BA,85,58,74,54,22
2018/09/08,BA,20,87,49,77,51
2018/09/11,BA,15,25,27,76,52
2018/09/13,BA,89,16,15,40,22
2018/09/15,BA,24,71,77,3,84
2018/09/18,BA,70,17,35,50,33
2018/09/20,BA,6,81,88,35,74
2018/09/22,BA,54,83,53,49,52
2018/09/25,BA,75,17,73,59,77
2018/09/27,BA,7,87,40,58,79
2018/09/29,BA,59,51,77,11,4
2018/10/02,BA,39,64,17,2,70
2018/10/04,BA,77,22,9,57,70
2018/10/06,BA,19,82,47,63,79
2018/10/09,BA,19,34,1,35,26
2018/10/11,BA,74,8,54,47,10
2018/10/13,BA,53,36,75,26,16
2018/10/16,BA,21,59,30,39,78
2018/10/18,BA,73,8,75,24,4
2018/10/20,BA,63,18,83,50,70
2018/10/23,BA,37,29,60,59,51
2018/10/25,BA,34,48,67,16,56
2018/10/27,BA,70,84,10,44,42
2018/10/30,BA,85,90,53,49,35
2018/11/02,BA,63,11,10,34,24
2018/11/03,BA,83,49,58,68,65
2018/11/06,BA,47,75,30,89,67
2018/11/08,BA,33,57,67,31,38
2018/11/10,BA,59,58,4,2,26
2018/11/13,BA,62,20,7,75,9
2018/11/15,BA,33,70,46,1,55
2018/11/17,BA,7,33,44,54,71
2018/11/20,BA,28,48,35,43,90
2018/11/22,BA,9,62,56,36,86
2018/11/24,BA,37,70,35,85,13
2018/11/27,BA,78,61,3,90,80
2018/11/29,BA,38,70,27,18,15
2018/12/01,BA,58,7,14,29,40
2018/12/04,BA,24,26,60,70,6
2018/12/06,BA,51,21,12,10,62
2018/12/10,BA,32,58,10,25,13
2018/12/11,BA,3,84,73,71,40
2018/12/13,BA,4,81,31,30,14
2018/12/15,BA,34,49,16,27,31
2018/12/18,BA,66,15,30,16,12
2018/12/20,BA,72,34,90,11,3
2018/12/22,BA,33,3,34,46,35
2018/12/24,BA,15,10,75,86,49
2018/12/27,BA,45,9,86,60,54
2018/12/29,BA,10,88,89,34,77
2019/01/02,BA,48,1,56,51,64
2019/01/03,BA,49,50,14,17,56
2019/01/05,BA,1,30,18,25,23
2019/01/08,BA,21,4,9,63,2
2019/01/10,BA,71,25,45,70,78
2019/01/12,BA,38,63,56,55,43
2019/01/15,BA,77,66,67,10,78
2019/01/17,BA,1,85,43,51,44
2019/01/19,BA,80,62,87,51,78
2019/01/22,BA,72,54,5,78,8
2019/01/24,BA,64,54,23,27,50
2019/01/26,BA,78,26,34,29,72
2019/01/29,BA,31,38,14,83,57
2019/01/31,BA,23,56,87,21,17
2019/02/02,BA,42,90,3,41,49
2019/02/05,BA,63,75,54,64,2
2019/02/07,BA,6,69,36,58,54
2019/02/09,BA,84,51,52,60,7
2019/02/12,BA,83,1,31,84,67
2019/02/14,BA,76,26,22,71,49
2019/02/16,BA,28,63,65,75,58
2019/02/19,BA,42,82,12,19,15
2019/02/21,BA,1,15,83,16,60
2019/02/23,BA,83,24,81,31,88
2019/02/26,BA,47,76,70,51,22
2019/02/28,BA,3,34,52,16,10
2019/03/02,BA,79,77,71,12,52
2019/03/05,BA,50,72,46,81,63
2019/03/07,BA,88,84,18,13,50
2019/03/09,BA,23,36,11,41,27
2019/03/12,BA,17,66,89,55,5
2019/03/14,BA,49,4,33,24,44
2019/03/16,BA,69,79,30,73,43
2019/03/19,BA,66,72,64,36,38
2019/03/21,BA,60,25,83,88,64
2019/03/23,BA,58,61,55,67,80
2019/03/26,BA,8,60,70,16,29
2019/03/28,BA,73,69,20,9,68
2019/03/30,BA,34,89,20,17,79
2019/04/02,BA,81,30,28,48,23
2019/04/04,BA,83,28,78,69,72
2019/04/06,BA,75,3,7,90,87
2019/04/09,BA,14,67,21,17,54
2019/04/11,BA,85,65,56,80,57
2019/04/13,BA,9,61,34,66,63
2019/04/16,BA,45,1,31,23,77
2019/04/18,BA,40,20,21,63,43
2019/04/20,BA,63,4,46,16,5
2019/04/23,BA,5,31,30,47,89
2019/04/26,BA,5,16,86,65,26
2019/04/27,BA,86,49,58,65,90
2019/04/30,BA,78,24,12,39,6
2019/05/02,BA,84,74,89,55,47
2019/05/04,BA,22,89,25,56,3
2019/05/07,BA,75,28,77,22,25
2019/05/09,BA,25,32,50,29,79
2019/05/11,BA,63,88,59,73,12
2019/05/14,BA,46,36,39,53,79
2019/05/16,BA,18,43,21,35,30
2019/05/18,BA,30,25,6,27,24
2019/05/21,BA,41,2,80,51,56
2019/05/23,BA,13,46,88,44,58
2019/05/25,BA,85,80,29,31,77
2019/05/28,BA,84,66,56,79,68
2019/05/30,BA,53,87,48,9,45
2019/06/01,BA,47,25,22,5,53
2019/06/04,BA,63,28,81,80,19
2019/06/06,BA,46,83,15,10,1
2019/06/08,BA,43,79,68,80,34
2019/06/11,BA,14,74,72,8,71
2019/06/13,BA,10,33,23,66,24
2019/06/15,BA,1,29,36,2,47
2019/06/18,BA,74,44,18,29,70
2019/06/20,BA,51,78,31,68,34
2019/06/22,BA,51,42,19,58,13
2019/06/25,BA,76,40,85,28,37
2019/06/27,BA,67,77,71,28,84
2019/06/29,BA,39,46,64,59,60
2019/07/02,BA,8,19,54,46,31
2019/07/04,BA,82,35,47,40,81
2019/07/06,BA,88,72,27,60,45
2019/07/09,BA,72,8,1,28,5
2019/07/11,BA,56,67,3,45,57
2019/07/13,BA,54,31,10,65,9
2019/07/16,BA,4,82,36,66,2
2019/07/18,BA,19,5,28,14,34
2019/07/20,BA,28,2,35,16,30
2019/07/23,BA,60,78,69,83,51
2019/07/25,BA,26,90,22,14,77
2019/07/27,BA,47,8,78,30,34
2019/07/30,BA,12,42,60,35,52
2019/08/01,BA,10,78,63,15,24
2019/08/03,BA,12,61,58,1,71
2019/08/06,BA,21,77,81,2,71
2019/08/08,BA,4,44,30,64,84
2019/08/10,BA,11,68,49,88,55
2019/08/13,BA,69,49,21,34,11
2019/08/16,BA,6,20,78,79,16
2019/08/17,BA,22,2,10,38,60
2019/08/20,BA,24,48,85,86,23
2019/08/22,BA,8,19,11,58,38
2019/08/24,BA,32,81,76,24,77
2019/08/27,BA,27,47,16,64,10
2019/08/29,BA,74,69,31,62,44
2019/08/31,BA,60,56,36,88,54
2019/09/03,BA,53,4,84,26,51
2019/09/05,BA,66,43,46,35,47
2019/09/07,BA,90,89,19,30,26
2019/09/10,BA,81,36,73,71,63
2019/09/12,BA,79,67,62,87,10
2019/09/14,BA,26,34,40,60,47
2019/09/17,BA,69,17,37,5,74
2019/09/19,BA,54,34,79,2,25
2019/09/21,BA,16,42,68,33,41
2019/09/24,BA,87,11,66,51,2
2019/09/26,BA,27,59,63,31,85
2019/09/28,BA,3,79,64,28,4
2019/10/01,BA,87,4,86,39,22
2019/10/03,BA,17,23,16,13,90
2019/10/05,BA,14,40,28,52,69
2019/10/08,BA,48,87,54,90,26
2019/10/10,BA,35,21,52,66,2
2019/10/12,BA,65,26,83,8,30
2019/10/15,BA,20,82,62,67,48
2019/10/17,BA,36,1,28,22,70
2019/10/19,BA,47,15,48,9,8
2019/10/22,BA,4,24,55,34,38
2019/10/24,BA,35,4,55,64,50
2019/10/26,BA,6,83,70,4,24
2019/10/29,BA,86,6,22,16,30
2019/10/31,BA,15,39,75,78,20
2019/11/02,BA,6,18,2,53,20
2019/11/05,BA,55,26,84,4,9
2019/11/07,BA,46,76,88,63,17
2019/11/09,BA,80,83,10,13,26
2019/11/12,BA,22,63,42,74,14
2019/11/14,BA,77,46,84,5,89
2019/11/16,BA,24,73,16,32,17
2019/11/19,BA,44,68,85,20,88
2019/11/21,BA,44,39,61,18,64
2019/11/23,BA,70,30,52,4,61
2019/11/26,BA,88,26,64,43,61
2019/11/28,BA,72,29,46,75,61
2019/11/30,BA,15,50,54,40,80
2019/12/03,BA,47,55,4,87,54
2019/12/05,BA,24,62,12,33,90
2019/12/07,BA,19,9,20,16,1
2019/12/10,BA,31,35,51,16,17
2019/12/12,BA,56,6,67,14,63
2019/12/14,BA,68,27,78,11,72
2019/12/17,BA,12,11,81,66,82
2019/12/19,BA,46,63,61,8,60
2019/12/21,BA,73,13,57,59,27
2019/12/24,BA,69,58,22,49,83
2019/12/27,BA,17,80,82,48,81
2019/12/28,BA,42,31,58,85,36
2019/12/31,BA,15,13,6,55,51
2020/01/02,BA,40,71,5,51,90
2020/01/04,BA,15,57,3,27,85
2020/01/07,BA,61,33,81,40,4
2020/01/09,BA,60,50,61,26,8
2020/01/11,BA,74,46,5,36,15
2020/01/14,BA,57,52,48,26,31
2020/01/16,BA,38,30,61,87,34
2020/01/18,BA,50,69,66,53,85
2020/01/21,BA,29,60,75,26,59
2020/01/23,BA,1,75,4,87,81
2020/01/25,BA,85,40,90,80,67
2020/01/28,BA,41,2,9,49,68
2020/01/30,BA,41,43,11,44,4
2020/02/01,BA,59,74,78,43,66
2020/02/04,BA,49,75,87,46,86
2020/02/06,BA,52,13,79,43,8
2020/02/08,BA,70,61,48,1,14
2020/02/11,BA,76,18,87,64,15
2020/02/13,BA,50,84,43,72,11
2020/02/15,BA,30,83,35,44,75
2020/02/18,BA,70,52,25,56,26
2020/02/20,BA,44,85,29,46,58
2020/02/22,BA,73,49,52,41,87
2020/02/25,BA,87,34,16,18,36
2020/02/27,BA,57,48,55,19,10
2020/02/29,BA,32,76,86,18,51
2020/03/03,BA,5,90,84,34,19
2020/03/05,BA,44,20,78,76,2
2020/03/07,BA,54,87,51,17,48
2020/03/10,BA,84,44,32,58,35
2020/03/12,BA,81,30,4,29,82
2020/03/14,BA,83,7,32,65,79
2020/03/17,BA,44,67,16,34,66
2020/03/19,BA,32,2,61,56,52
2020/03/21,BA,21,31,89,15,41
2020/05/05,BA,8,17,27,62,14
2020/05/07,BA,72,60,88,21,80
2020/05/09,BA,49,84,21,79,67
2020/05/12,BA,31,27,40,4,54
2020/05/14,BA,13,31,2,32,78
2020/05/16,BA,10,51,14,62,64
2020/05/19,BA,34,32,33,74,57
2020/05/21,BA,83,54,2,55,33
2020/05/23,BA,74,84,56,90,38
2020/05/26,BA,13,73,68,49,31
2020/05/28,BA,40,58,46,71,84
2020/05/30,BA,60,36,84,30,73
2020/06/03,BA,31,54,23,65,77
2020/06/04,BA,66,16,84,79,42
2020/06/06,BA,68,48,37,22,27
2020/06/09,BA,43,81,72,33,69
2020/06/11,BA,48,33,53,35,86
2020/06/13,BA,47,29,83,23,35
2020/06/16,BA,90,22,52,65,67
2020/06/18,BA,33,9,46,78,65
2020/06/20,BA,32,73,29,80,14
2020/06/23,BA,16,20,55,66,51
2020/06/25,BA,26,50,20,27,64
2020/06/27,BA,2,41,33,40,88
2020/06/30,BA,24,74,68,69,45
2020/07/02,BA,73,64,20,32,57
2020/07/04,BA,87,44,78,34,62
2020/07/07,BA,78,54,63,51,49
2020/07/09,BA,14,87,1,29,50
2020/07/11,BA,61,70,43,74,79
2020/07/14,BA,24,40,10,8,36
2020/07/16,BA,12,59,20,60,27
2020/07/18,BA,45,48,9,11,2
2020/07/21,BA,86,33,47,58,83
2020/07/23,BA,61,7,77,64,25
2020/07/25,BA,39,2,71,66,3
2020/07/28,BA,35,61,6,37,66
2020/07/30,BA,18,52,16,17,70
2020/08/01,BA,76,69,56,19,61
2020/08/04,BA,37,51,75,89,6
2020/08/06,BA,17,88,49,90,62
2020/08/08,BA,67,68,65,64,79
2020/08/11,BA,39,20,62,35,7
2020/08/13,BA,85,14,3,88,26
2020/08/17,BA,50,48,30,74,14
2020/08/18,BA,20,39,57,89,22
2020/08/20,BA,21,52,23,56,2
2020/08/22,BA,10,74,25,57,65
2020/08/25,BA,77,72,10,53,34
2020/08/27,BA,31,55,80,47,40
2020/08/29,BA,61,19,89,53,56
2020/09/01,BA,61,20,27,74,52
2020/09/03,BA,19,2,16,36,56
2020/09/05,BA,5,50,39,64,15
2020/09/08,BA,13,6,24,58,38
2020/09/10,BA,60,58,72,22,14
2020/09/12,BA,87,74,26,66,13
2020/09/15,BA,85,84,65,30,18
2020/09/17,BA,77,23,45,54,86
2020/09/19,BA,18,20,9,74,3
2020/09/22,BA,7,10,21,80,4
2020/09/24,BA,4,30,73,82,79
2020/09/26,BA,14,86,85,68,16
2020/09/29,BA,26,24,40,80,49
2020/10/01,BA,88,21,77,69,70
2020/10/03,BA,90,48,11,49,31
2020/10/06,BA,17,24,26,12,18
2020/10/08,BA,71,49,2,50,88
2020/10/10,BA,49,57,23,84,18
2020/10/13,BA,83,66,9,89,16
2020/10/15,BA,6,9,89,86,27
2020/10/17,BA,47,24,50,84,17
2020/10/20,BA,79,28,63,61,45
2020/10/22,BA,70,31,13,7,89
2020/10/24,BA,40,30,77,81,51
2020/10/27,BA,88,72,12,87,49
2020/10/29,BA,26,78,70,83,51
2020/10/31,BA,83,79,69,87,59
2020/11/03,BA,89,2,13,67,57
2020/11/05,BA,66,85,12,38,77
2020/11/07,BA,84,83,14,11,8
2020/11/10,BA,54,64,49,45,65
2020/11/12,BA,77,20,34,21,52
2020/11/14,BA,20,23,34,18,72
2020/11/17,BA,15,82,83,61,29
2020/11/19,BA,43,51,8,70,76
2020/11/21,BA,47,67,9,60,21
2020/11/24,BA,56,45,69,74,10
2020/11/26,BA,15,72,17,27,6
2020/11/28,BA,61,80,40,26,16
2020/12/01,BA,65,80,1,13,85
2020/12/03,BA,27,31,12,54,68
2020/12/05,BA,21,65,7,84,13
2020/12/09,BA,30,74,23,68,65
2020/12/10,BA,80,71,22,85,17
2020/12/12,BA,29,27,11,6,89
2020/12/15,BA,16,89,13,35,60
2020/12/17,BA,30,24,69,7,55
2020/12/19,BA,38,53,50,59,75
2020/12/22,BA,85,51,74,44,30
2020/12/24,BA,56,17,30,3,15
2020/12/28,BA,62,66,89,42,27
2020/12/29,BA,88,58,67,27,14
2020/12/31,BA,44,55,41,85,29
2021/01/02,BA,36,62,47,72,85
2021/01/05,BA,24,37,69,26,35
2021/01/07,BA,47,5,59,7,41
2021/01/09,BA,25,87,48,88,8
2021/01/12,BA,90,85,78,75,64
2021/01/14,BA,9,40,47,26,49
2021/01/16,BA,20,1,13,6,50
2021/01/19,BA,82,32,35,54,87
2021/01/21,BA,18,43,19,69,15
2021/01/23,BA,53,48,56,25,3
2021/01/26,BA,21,55,1,42,88
2021/01/28,BA,52,41,5,39,51
2021/01/30,BA,40,27,73,30,67
2021/02/02,BA,38,87,12,59,1
2021/02/04,BA,46,2,84,50,61
2021/02/06,BA,28,22,88,83,70
2021/02/09,BA,13,11,88,20,64
2021/02/11,BA,42,28,49,67,33
2021/02/13,BA,86,81,70,77,8
2021/02/16,BA,45,70,52,19,33
2021/02/18,BA,81,20,56,41,65
2021/02/20,BA,58,87,55,79,71
2021/02/23,BA,42,65,37,2,23
2021/02/25,BA,17,74,14,27,5
2021/02/27,BA,17,75,30,79,64
2021/03/02,BA,74,86,47,24,75
2021/03/04,BA,24,23,64,69,25
2021/03/06,BA,80,51,6,35,76
2021/03/09,BA,57,15,66,90,12
2021/03/11,BA,78,53,71,66,50
2021/03/13,BA,29,56,77,74,31
2021/03/16,BA,51,46,32,47,50
2021/03/18,BA,12,48,59,32,88
2021/03/20,BA,55,11,84,76,72
2021/03/23,BA,15,53,52,55,12
2021/03/25,BA,55,50,56,46,52
2021/03/27,BA,2,66,86,76,79
2021/03/30,BA,72,61,88,9,86
2021/04/01,BA,30,50,89,51,31
2021/04/03,BA,15,78,49,19,12
2021/04/06,BA,53,28,38,56,87
2021/04/08,BA,24,19,57,21,42
2021/04/10,BA,56,82,66,18,11
2021/04/13,BA,51,83,12,48,64
2021/04/15,BA,26,57,56,51,6
2021/04/17,BA,59,61,41,4,32
2021/04/20,BA,48,4,61,77,26
2021/04/22,BA,60,21,2,8,47
2021/04/24,BA,35,10,18,76,54
2021/04/27,BA,36,50,56,73,41
2021/04/29,BA,87,52,49,10,51
2021/05/03,BA,42,57,78,18,43
2021/05/04,BA,30,10,84,47,64
2021/05/06,BA,29,63,52,60,85
2021/05/08,BA,68,5,34,17,43
2021/05/11,BA,77,67,73,28,63
2021/05/13,BA,23,13,56,9,71
2021/05/15,BA,88,8,23,43,3
2021/05/18,BA,29,19,46,72,23
2021/05/20,BA,18,28,45,62,58
2021/05/22,BA,38,81,12,87,34
2021/05/25,BA,75,43,1,56,31
2021/05/27,BA,38,7,87,3,66
2021/05/29,BA,13,29,37,63,53
2021/06/01,BA,60,46,72,47,9
2021/06/03,BA,22,86,81,65,75
2021/06/05,BA,86,51,57,79,65
2021/06/08,BA,47,6,11,33,41
2021/06/10,BA,72,6,63,79,86
2021/06/12,BA,70,15,3,11,34
2021/06/15,BA,88,81,53,41,90
2021/06/17,BA,27,38,71,15,84
2021/06/19,BA,7,21,15,54,27
2021/06/22,BA,38,69,47,22,46
2021/06/24,BA,43,50,77,49,59
2021/06/26,BA,27,69,3,1,12
2021/06/29,BA,83,51,84,34,5
2021/07/01,BA,81,85,48,86,38
2021/07/03,BA,11,80,24,90,81
2021/07/06,BA,80,18,70,39,65
2021/07/08,BA,30,4,62,33,44
2021/07/10,BA,88,33,11,53,51
2021/07/13,BA,90,32,45,44,62
2021/07/15,BA,47,73,44,59,84
2021/07/17,BA,26,9,78,48,22
2021/07/20,BA,27,89,7,65,85
2021/07/22,BA,86,56,14,65,47
2021/07/24,BA,81,2,42,55,79
2021/07/27,BA,50,65,72,26,38
2021/07/29,BA,55,18,78,36,64
2021/07/31,BA,73,10,19,26,34
2021/08/03,BA,29,69,52,80,88
2021/08/05,BA,16,78,19,13,67
2021/08/07,BA,26,39,68,9,29
2021/08/10,BA,81,39,66,7,12
2021/08/12,BA,53,37,86,32,64
2021/08/14,BA,30,13,67,83,65
2021/08/17,BA,84,48,30,61,2
2021/08/19,BA,35,56,53,49,62
2021/08/21,BA,74,41,15,69,9
2021/08/24,BA,31,32,78,47,66
2021/08/26,BA,2,23,12,15,55
2021/08/28,BA,78,36,23,68,86
2021/08/31,BA,22,57,32,43,79
2021/09/02,BA,34,62,15,63,26
2021/09/04,BA,57,33,68,25,47
2021/09/07,BA,83,12,16,77,60
2021/09/09,BA,29,25,88,56,15
2021/09/11,BA,9,19,54,3,67
2021/09/14,BA,54,80,62,28,21
2021/09/16,BA,74,49,82,32,42
2021/09/18,BA,19,82,17,54,76
2021/09/21,BA,49,53,84,39,57
2021/09/23,BA,52,4,30,13,49
2021/09/25,BA,89,69,62,15,67
2021/09/28,BA,5,19,10,71,11
2021/09/30,BA,1,32,85,20,56
2021/10/02,BA,12,61,87,15,32
2021/10/05,BA,46,19,12,16,7
2021/10/07,BA,56,62,66,53,24
2021/10/09,BA,83,28,88,17,34
2021/10/12,BA,1,56,71,52,49
2021/10/14,BA,54,63,65,41,48
2021/10/16,BA,21,55,66,10,63
2021/10/19,BA,43,44,8,25,33
2021/10/21,BA,82,73,44,34,26
2021/10/23,BA,58,79,45,89,72
2021/10/26,BA,43,29,32,57,48
2021/10/28,BA,52,70,51,42,87
2021/10/30,BA,17,40,61,53,81
2021/11/02,BA,15,48,86,35,58
2021/11/04,BA,84,12,77,49,79
2021/11/06,BA,44,46,76,41,82
2021/11/09,BA,70,76,54,57,35
2021/11/11,BA,31,22,79,47,56
2021/11/13,BA,20,50,86,8,23
2021/11/16,BA,43,21,36,2,9
2021/11/18,BA,69,65,86,14,75
2021/11/20,BA,83,33,23,90,32
2021/11/23,BA,3,72,8,1,49
2021/11/25,BA,25,5,52,67,17
2021/11/27,BA,64,50,86,88,54
2021/11/30,BA,26,16,85,54,19
2021/12/02,BA,35,29,68,86,47
2021/12/04,BA,64,29,10,54,55
2021/12/07,BA,72,30,67,5,88
2021/12/09,BA,16,20,85,38,53
2021/12/11,BA,89,74,77,56,53
2021/12/14,BA,80,27,30,74,40
2021/12/16,BA,44,70,29,10,62
2021/12/18,BA,33,66,43,68,74
2021/12/21,BA,90,52,55,28,53
2021/12/23,BA,58,75,2,16,56
2021/12/27,BA,44,58,36,53,43
2021/12/28,BA,61,27,18,80,79
2021/12/30,BA,89,15,9,38,43
2022/01/03,BA,49,38,64,66,53
2022/01/04,BA,13,75,43,55,82
2022/01/07,BA,62,42,59,71,63
2022/01/08,BA,41,16,62,13,55
2022/01/11,BA,39,40,44,58,10
2022/01/13,BA,83,90,33,15,84
2022/01/15,BA,1,73,47,90,88
2022/01/18,BA,76,16,68,50,18
2022/01/20,BA,83,10,63,25,23
2022/01/22,BA,55,1,68,6,17
2022/01/25,BA,74,36,4,59,29
2022/01/27,BA,69,48,71,45,79
2022/01/29,BA,88,23,54,28,86
2022/02/01,BA,6,1,61,23,24
2022/02/03,BA,54,70,50,78,48
2022/02/05,BA,25,58,57,6,23
2022/02/08,BA,19,69,37,60,4
2022/02/10,BA,55,38,5,39,37
2022/02/12,BA,8,71,85,51,4
2022/02/15,BA,52,72,46,77,7
2022/02/17,BA,7,53,86,16,69
2022/02/19,BA,23,36,68,10,49
2022/02/22,BA,35,83,47,74,62
2022/02/24,BA,46,74,32,68,79
2022/02/26,BA,87,47,69,31,79
2022/03/01,BA,61,68,49,75,71
2022/03/03,BA,11,57,56,66,60
2022/03/05,BA,89,26,36,1,68
2022/03/08,BA,8,62,44,12,79
2022/03/10,BA,73,53,45,37,87
2022/03/12,BA,7,17,77,76,86
2022/03/15,BA,49,27,37,45,57
2022/03/17,BA,10,17,28,19,87
2022/03/19,BA,48,35,64,14,38
2022/03/22,BA,22,30,16,88,29
2022/03/24,BA,53,45,61,17,56
2022/03/26,BA,28,61,20,37,39
2022/03/29,BA,54,89,4,57,88
2022/03/31,BA,41,29,58,24,50
2022/04/02,BA,35,41,38,6,73
2022/04/05,BA,28,48,17,46,7
2022/04/07,BA,85,29,78,75,87
2022/04/09,BA,25,34,68,90,66
2022/04/12,BA,61,44,50,41,30
2022/04/14,BA,54,72,12,85,58
2022/04/16,BA,47,90,39,40,81
2022/04/19,BA,36,56,61,73,86
2022/04/21,BA,37,14,7,62,49
2022/04/23,BA,82,90,20,9,28
2022/04/26,BA,58,88,86,50,53
2022/04/28,BA,10,85,30,17,50
2022/04/30,BA,47,15,76,12,90
2022/05/03,BA,80,69,84,73,50
2022/05/05,BA,67,48,16,42,87
2022/05/07,BA,34,82,52,53,45
2022/05/10,BA,49,77,90,85,14
2022/05/12,BA,51,26,88,69,60
2022/05/14,BA,47,44,62,8,86
2022/05/17,BA,16,31,30,50,81
2022/05/19,BA,32,21,59,44,90
2022/05/21,BA,42,28,73,64,30
2022/05/24,BA,81,36,72,84,40
2022/05/26,BA,89,58,55,31,67
2022/05/28,BA,74,38,52,15,79
2022/05/31,BA,12,75,11,46,84
2022/06/03,BA,76,84,29,70,60
2022/06/04,BA,86,58,31,56,73
2022/06/07,BA,2,78,57,59,26
2022/06/09,BA,66,60,49,29,89
2022/06/11,BA,29,84,3,25,57
2022/06/14,BA,34,39,4,76,73
2022/06/16,BA,15,4,11,34,10
2022/06/18,BA,8,29,20,60,71
2022/06/21,BA,58,71,52,78,36
2022/06/23,BA,55,88,23,22,72
2022/06/25,BA,86,25,4,62,23
2022/06/28,BA,39,8,7,75,55
2022/06/30,BA,54,42,70,86,63
2022/07/02,BA,49,39,86,27,59
2022/07/05,BA,29,7,59,87,40
2022/07/07,BA,47,80,54,29,35
2022/07/09,BA,80,32,56,48,85
2022/07/12,BA,62,13,7,23,56
2022/07/14,BA,6,42,1,64,3
2022/07/16,BA,18,51,4,38,19
2022/07/19,BA,9,58,51,77,18
2022/07/21,BA,10,64,19,32,84
2022/07/23,BA,21,52,10,37,88
2022/07/26,BA,25,88,89,82,54
2022/07/28,BA,58,10,3,65,2
2022/07/30,BA,14,24,28,64,58
2022/08/02,BA,80,17,86,13,30
2022/08/04,BA,18,51,12,15,6
2022/08/06,BA,57,30,70,56,69
2022/08/09,BA,25,43,76,14,32
2022/08/11,BA,66,70,90,71,56
2022/08/13,BA,73,15,19,88,47
2022/08/16,BA,69,74,57,62,18
2022/08/18,BA,76,59,86,84,25
2022/08/20,BA,73,10,12,48,88
2022/08/23,BA,30,74,20,34,82
2022/08/25,BA,53,34,65,49,39
2022/08/27,BA,8,46,42,75,55
2022/08/30,BA,1,2,9,56,48
2022/09/01,BA,37,90,13,7,58
2022/09/03,BA,71,69,26,9,37
2022/09/06,BA,80,82,9,26,3
2022/09/08,BA,43,22,82,80,17
2022/09/10,BA,16,78,17,10,89
2022/09/13,BA,9,21,14,34,76
2022/09/15,BA,20,83,78,2,38
2022/09/17,BA,17,32,47,24,63
2022/09/20,BA,84,80,26,24,88
2022/09/22,BA,63,73,51,16,58
2022/09/24,BA,25,47,35,20,9
2022/09/27,BA,41,88,5,22,37
2022/09/29,BA,80,35,90,49,65
2022/10/01,BA,67,36,58,68,33
2022/10/04,BA,38,84,22,32,4
2022/10/06,BA,29,2,3,27,11
2022/10/08,BA,85,51,66,45,4
2022/10/11,BA,79,39,20,51,52
2022/10/13,BA,75,15,67,54,52
2022/10/15,BA,23,39,14,4,72
2022/10/18,BA,2,29,30,44,11
2022/10/20,BA,23,89,28,82,73
2022/10/22,BA,24,79,23,59,40
2022/10/25,BA,71,77,68,65,66
2022/10/27,BA,5,60,31,76,75
2022/10/29,BA,79,26,72,37,34
2022/11/02,BA,66,20,9,24,82
2022/11/03,BA,23,43,41,17,18
2022/11/05,BA,84,18,65,71,67
2022/11/08,BA,3,17,30,15,2
2022/11/10,BA,43,1,65,76,40
2022/11/12,BA,75,26,11,74,12
2022/11/15,BA,62,37,13,74,54
2022/11/17,BA,20,22,71,49,30
2022/11/19,BA,74,16,60,71,72
2022/11/22,BA,85,24,10,29,59
2022/11/24,BA,11,40,88,76,23
2022/11/26,BA,34,40,63,20,10
2022/11/29,BA,30,62,81,31,71
2022/12/01,BA,74,30,7,16,48
2022/12/03,BA,21,1,70,90,81
2022/12/06,BA,36,74,22,54,80
2022/12/09,BA,38,11,74,15,72
2022/12/10,BA,62,67,70,89,74
2022/12/13,BA,9,43,57,70,80
2022/12/15,BA,84,79,82,36,63
2022/12/17,BA,74,15,59,31,77
2022/12/20,BA,11,25,64,6,4
2022/12/22,BA,18,42,26,13,89
