Data,Ruota,1,2,3,4,5
1939/01/07,BA,58,22,47,49,69
1939/01/14,BA,18,77,33,62,19
1939/01/21,BA,68,65,41,28,67
1939/01/28,BA,76,55,48,85,71
1939/02/04,BA,70,2,20,85,75
1939/02/11,BA,82,81,16,52,77
1939/02/18,BA,51,65,6,29,81
1939/02/25,BA,3,54,79,45,59
1939/03/04,BA,28,23,35,62,88
1939/03/11,BA,35,14,76,53,84
1939/03/18,BA,27,59,7,13,48
1939/03/25,BA,88,1,19,11,36
1939/04/01,BA,5,69,14,86,37
1939/04/08,BA,37,82,31,78,84
1939/04/15,BA,39,20,32,50,72
1939/04/22,BA,29,72,42,38,16
1939/04/29,BA,56,70,39,88,58
1939/05/06,BA,36,13,28,84,20
1939/05/13,BA,34,20,47,56,78
1939/05/20,BA,17,46,21,38,79
1939/05/27,BA,21,82,53,52,76
1939/06/03,BA,69,87,54,17,23
1939/06/10,BA,64,37,51,58,88
1939/06/17,BA,13,68,87,79,69
1939/06/24,BA,89,63,71,32,34
1939/07/01,BA,47,18,74,63,52
1939/07/08,BA,23,46,2,59,1
1939/07/15,BA,27,60,89,80,10
1939/07/22,BA,29,71,13,42,77
1939/07/29,BA,23,54,89,80,73
1939/08/05,BA,18,34,55,9,24
1939/08/12,BA,72,26,17,5,42
1939/08/19,BA,83,9,63,90,47
1939/08/26,BA,67,59,58,51,6
1939/09/02,BA,34,15,17,3,51
1939/09/09,BA,33,65,63,1,10
1939/09/16,BA,37,33,85,83,12
1939/09/23,BA,27,8,35,54,29
1939/09/30,BA,42,37,60,71,28
1939/10/07,BA,28,49,75,68,19
1939/10/14,BA,41,79,64,52,75
1939/10/21,BA,33,35,69,15,80
1939/10/28,BA,9,21,37,73,68
1939/11/04,BA,17,69,44,72,79
1939/11/11,BA,54,33,74,52,14
1939/11/18,BA,25,37,14,57,78
1939/11/25,BA,61,19,75,2,90
1939/12/02,BA,57,49,34,84,63
1939/12/09,BA,79,18,72,26,30
1939/12/16,BA,59,26,63,35,89
1939/12/23,BA,57,8,66,74,27
1939/12/30,BA,87,21,49,52,39
1940/01/06,BA,30,42,62,9,8
1940/01/13,BA,52,59,29,20,31
1940/01/20,BA,47,54,38,62,58
1940/01/27,BA,46,60,23,44,40
1940/02/03,BA,32,16,7,30,78
1940/02/10,BA,69,50,24,65,1
1940/02/17,BA,50,65,70,34,22
1940/02/24,BA,69,22,9,7,34
1940/03/02,BA,61,70,81,83,41
1940/03/09,BA,71,82,13,90,54
1940/03/16,BA,32,3,6,84,89
1940/03/23,BA,28,29,31,89,17
1940/03/30,BA,46,20,81,74,10
1940/04/06,BA,16,20,58,9,53
1940/04/13,BA,64,33,18,59,65
1940/04/20,BA,18,53,14,57,51
1940/04/27,BA,45,51,74,66,44
1940/05/04,BA,33,11,15,53,46
1940/05/11,BA,60,71,88,40,46
1940/05/18,BA,85,66,26,8,90
1940/05/25,BA,22,3,30,78,14
1940/06/01,BA,43,47,61,74,13
1940/06/08,BA,85,76,26,41,73
1940/06/15,BA,51,24,26,49,60
1940/06/22,BA,20,16,83,4,22
1940/06/29,BA,24,76,22,85,13
1940/07/06,BA,88,8,40,76,63
1940/07/13,BA,15,76,70,32,49
1940/07/20,BA,43,54,90,27,89
1940/07/27,BA,42,38,10,66,78
1940/08/03,BA,9,80,69,34,87
1940/08/10,BA,51,17,11,2,53
1940/08/17,BA,1,35,61,26,21
1940/08/24,BA,38,36,53,13,44
1940/08/31,BA,76,61,81,40,62
1940/09/07,BA,8,58,12,44,87
1940/09/14,BA,25,1,8,16,20
1940/09/21,BA,75,35,80,67,68
1940/09/28,BA,34,37,62,44,79
1940/10/05,BA,21,76,58,57,7
1940/10/12,BA,45,31,49,60,53
1940/10/19,BA,69,80,5,50,34
1940/10/26,BA,32,11,76,24,84
1940/11/02,BA,23,74,42,27,46
1940/11/09,BA,71,35,28,83,23
1940/11/16,BA,68,25,28,9,20
1940/11/23,BA,83,85,48,8,63
1940/11/30,BA,85,20,45,43,49
1940/12/07,BA,25,54,62,67,31
1940/12/14,BA,7,31,34,24,6
1940/12/21,BA,78,61,31,83,33
1940/12/28,BA,87,62,84,86,34
1941/01/04,BA,44,10,73,41,69
1941/01/11,BA,3,39,84,36,30
1941/01/18,BA,53,11,81,51,27
1941/01/25,BA,47,45,29,57,81
1941/02/01,BA,76,52,63,84,81
1941/02/08,BA,74,56,88,75,67
1941/02/15,BA,35,73,11,8,1
1941/02/22,BA,79,78,45,85,80
1941/03/01,BA,53,58,41,28,63
1941/03/08,BA,69,46,90,86,3
1941/03/15,BA,80,87,43,54,66
1941/03/22,BA,77,60,76,52,88
1941/03/29,BA,36,25,49,58,83
1941/04/05,BA,60,43,9,41,37
1941/04/12,BA,73,21,5,67,15
1941/04/19,BA,33,70,47,51,50
1941/04/26,BA,89,28,86,36,2
1941/05/03,BA,79,60,25,59,76
1941/05/10,BA,19,17,27,74,8
1941/05/17,BA,29,64,10,33,53
1941/05/24,BA,50,17,65,59,70
1941/05/31,BA,65,84,81,5,56
1941/06/07,BA,33,55,68,40,83
1941/06/14,BA,24,31,3,78,19
1941/06/21,BA,30,20,40,89,12
1941/06/28,BA,5,61,62,3,63
1941/07/05,BA,77,63,41,76,59
1941/07/12,BA,87,56,4,50,26
1941/07/19,BA,46,28,30,31,18
1941/07/26,BA,17,86,63,22,26
1941/08/02,BA,23,9,10,55,22
1941/08/09,BA,31,4,33,70,30
1941/08/16,BA,85,40,18,50,31
1941/08/23,BA,5,24,64,59,56
1941/08/30,BA,5,80,44,77,32
1941/09/06,BA,54,35,1,28,36
1941/09/13,BA,49,56,31,87,79
1941/09/20,BA,46,63,40,30,36
1941/09/27,BA,28,33,22,2,29
1941/10/04,BA,29,22,11,47,43
1941/10/11,BA,32,19,37,50,60
1941/10/18,BA,57,42,69,8,68
1941/10/25,BA,55,19,54,60,27
1941/11/01,BA,39,64,53,12,4
1941/11/08,BA,26,55,62,79,42
1941/11/15,BA,89,29,77,12,6
1941/11/22,BA,72,63,30,50,81
1941/11/29,BA,58,32,90,17,28
1941/12/06,BA,24,39,53,23,49
1941/12/13,BA,65,59,80,54,6
1941/12/20,BA,84,20,14,24,9
1941/12/27,BA,27,42,53,30,35
1942/01/03,BA,83,76,73,84,12
1942/01/10,BA,18,11,39,5,67
1942/01/17,BA,61,47,5,84,66
1942/01/24,BA,35,46,89,17,21
1942/01/31,BA,8,58,19,68,24
1942/02/07,BA,50,5,41,63,38
1942/02/14,BA,54,15,81,74,53
1942/02/21,BA,26,76,13,37,72
1942/02/28,BA,20,60,40,28,15
1942/03/07,BA,74,50,80,25,69
1942/03/14,BA,24,56,83,35,80
1942/03/21,BA,79,7,20,42,57
1942/03/28,BA,41,78,6,32,51
1942/04/04,BA,29,49,61,24,32
1942/04/11,BA,13,31,89,45,52
1942/04/18,BA,16,44,54,17,88
1942/04/25,BA,62,31,72,57,1
1942/05/02,BA,6,85,23,53,16
1942/05/09,BA,31,3,45,37,21
1942/05/16,BA,46,24,47,74,59
1942/05/23,BA,41,69,58,66,55
1942/05/30,BA,44,79,38,84,86
1942/06/06,BA,83,7,10,26,43
1942/06/13,BA,49,74,71,6,26
1942/06/20,BA,74,89,46,70,79
1942/06/27,BA,29,26,44,36,11
1942/07/04,BA,23,58,65,76,80
1942/07/11,BA,53,59,76,4,90
1942/07/18,BA,4,89,8,64,47
1942/07/25,BA,75,37,3,87,78
1942/08/01,BA,38,6,50,15,74
1942/08/08,BA,33,7,12,77,5
1942/08/15,BA,63,11,28,69,6
1942/08/22,BA,44,30,22,65,45
1942/08/29,BA,50,18,44,39,35
1942/09/05,BA,68,4,71,86,18
1942/09/12,BA,28,85,90,1,38
1942/09/19,BA,85,59,50,35,88
1942/09/26,BA,2,19,65,29,36
1942/10/03,BA,16,61,38,44,24
1942/10/10,BA,14,88,15,66,43
1942/10/17,BA,77,64,6,41,85
1942/10/24,BA,56,28,36,85,11
1942/10/31,BA,20,73,36,11,89
1942/11/07,BA,72,83,70,32,11
1942/11/14,BA,7,30,65,80,79
1942/11/21,BA,9,22,10,52,88
1942/11/28,BA,6,38,9,30,52
1942/12/05,BA,62,16,5,69,15
1942/12/12,BA,41,10,36,47,21
1942/12/19,BA,57,54,37,26,34
1942/12/26,BA,44,4,67,36,48
1943/01/02,BA,44,76,32,69,49
1943/01/09,BA,30,42,1,73,62
1943/01/16,BA,88,90,18,84,8
1943/01/23,BA,40,13,37,86,72
1943/01/30,BA,76,3,13,66,17
1943/02/06,BA,50,2,79,90,81
1943/02/13,BA,4,88,46,16,25
1943/02/20,BA,36,12,22,17,80
1943/02/27,BA,10,54,40,27,19
1943/03/06,BA,12,73,83,5,66
1943/03/13,BA,89,81,10,77,21
1943/03/20,BA,64,3,62,58,63
1943/03/27,BA,7,26,1,54,24
1943/04/03,BA,50,29,3,63,13
1943/04/10,BA,75,14,48,9,68
1943/04/17,BA,78,10,16,20,32
1943/04/24,BA,53,54,31,59,81
1943/05/01,BA,68,33,1,35,9
1943/05/08,BA,48,16,53,58,59
1943/05/15,BA,36,4,63,90,50
1943/05/22,BA,52,46,15,4,14
1943/05/29,BA,71,45,88,1,16
1943/06/05,BA,50,70,26,47,5
1943/06/12,BA,47,48,81,46,50
1943/06/19,BA,55,27,15,89,54
1943/06/26,BA,78,47,51,72,65
1943/07/03,BA,11,27,37,51,65
1943/07/10,BA,79,32,14,68,3
1943/07/17,BA,78,56,55,37,51
1943/07/24,BA,31,6,40,29,38
1943/07/31,BA,83,90,50,16,10
1943/08/07,BA,60,88,89,20,29
1943/08/14,BA,46,34,62,36,69
1943/08/21,BA,52,22,8,47,23
1943/08/28,BA,65,24,9,29,17
1943/09/04,BA,76,13,52,60,66
1943/09/11,BA,42,58,31,68,70
1943/09/18,BA,55,40,26,48,1
1943/09/25,BA,18,70,4,50,1
1943/10/02,BA,38,44,66,43,50
1943/10/09,BA,68,46,25,67,18
1943/10/16,BA,2,40,88,44,49
1943/10/23,BA,69,86,88,48,74
1943/10/30,BA,50,83,85,32,80
1943/11/06,BA,5,19,47,85,45
1943/11/13,BA,29,84,16,21,58
1943/11/20,BA,19,8,48,11,13
1943/11/27,BA,41,82,37,78,72
1943/12/04,BA,86,15,21,87,56
1943/12/11,BA,51,42,11,26,82
1943/12/18,BA,24,84,7,15,19
1943/12/25,BA,20,40,49,73,38
1944/01/01,BA,86,12,67,30,88
1944/01/08,BA,52,9,39,87,74
1944/01/15,BA,46,19,70,59,40
1944/01/22,BA,48,81,7,11,20
1944/01/29,BA,82,14,40,28,75
1944/02/05,BA,51,70,56,4,8
1944/02/12,BA,11,32,52,40,3
1944/02/19,BA,59,55,76,66,33
1944/02/26,BA,2,56,35,84,85
1944/03/04,BA,5,22,69,34,85
1944/03/11,BA,56,29,19,86,64
1944/03/18,BA,75,38,52,78,85
1944/03/25,BA,67,68,16,33,49
1944/04/01,BA,47,2,23,20,85
1944/04/08,BA,18,26,43,63,9
1944/04/15,BA,55,77,41,15,9
1944/04/22,BA,80,79,77,5,76
1944/04/29,BA,45,4,66,36,68
1944/05/06,BA,82,21,46,56,78
1944/05/13,BA,85,24,58,69,9
1944/05/20,BA,44,50,71,75,74
1944/05/27,BA,28,38,77,37,78
1944/06/03,BA,39,7,47,83,16
1944/06/10,BA,6,63,13,15,59
1944/06/17,BA,43,18,3,23,44
1944/06/24,BA,80,49,12,6,51
1944/07/01,BA,14,10,13,40,50
1944/07/08,BA,36,44,40,66,43
1944/07/15,BA,88,12,90,18,52
1944/07/22,BA,54,47,35,87,40
1944/07/29,BA,72,18,54,49,89
1944/08/05,BA,84,37,11,57,28
1944/08/12,BA,50,27,65,48,52
1944/08/19,BA,73,60,41,17,6
1944/08/26,BA,4,59,82,67,13
1944/09/02,BA,18,59,77,1,41
1944/09/09,BA,75,65,11,26,82
1944/09/16,BA,10,76,72,36,50
1944/09/23,BA,86,54,20,19,36
1944/09/30,BA,1,12,13,42,89
1944/10/07,BA,26,22,11,30,17
1944/10/14,BA,64,79,50,48,27
1944/10/21,BA,57,16,8,78,64
1944/10/28,BA,11,26,68,29,73
1944/11/04,BA,36,71,15,74,65
1944/11/11,BA,4,43,81,19,68
1944/11/18,BA,17,65,89,11,2
1944/11/25,BA,26,22,47,56,15
1944/12/02,BA,23,71,20,55,82
1944/12/09,BA,83,27,26,68,46
1944/12/16,BA,64,67,47,84,37
1944/12/23,BA,21,87,75,83,56
1944/12/30,BA,15,48,86,87,11
1945/01/05,BA,87,34,1,59,50
1945/01/13,BA,6,66,1,16,48
1945/01/20,BA,38,14,24,78,36
1945/01/27,BA,49,30,87,15,65
1945/02/03,BA,30,64,36,5,32
1945/02/10,BA,15,36,37,86,31
1945/02/17,BA,86,78,69,7,60
1945/02/24,BA,83,7,72,88,19
1945/03/03,BA,47,20,77,73,30
1945/03/10,BA,20,24,48,16,33
1945/03/17,BA,77,35,23,10,86
1945/03/24,BA,83,33,37,24,54
1945/03/31,BA,87,22,4,46,78
1945/04/07,BA,88,6,60,28,21
1945/04/14,BA,21,50,30,67,82
1945/04/21,BA,88,28,5,22,35
1945/04/28,BA,27,50,37,30,25
1945/05/05,BA,37,19,53,21,15
1945/05/12,BA,17,22,63,62,85
1945/05/19,BA,46,84,40,17,16
1945/05/26,BA,37,84,1,68,10
1945/06/02,BA,72,50,87,41,67
1945/06/09,BA,66,30,89,57,48
1945/06/16,BA,29,27,35,75,36
1945/06/23,BA,2,72,9,1,55
1945/06/30,BA,33,89,17,40,64
1945/07/07,BA,70,90,63,26,54
1945/07/14,BA,36,19,51,43,61
1945/07/21,BA,10,61,20,44,84
1945/07/28,BA,2,41,43,65,87
1945/08/04,BA,27,74,21,16,41
1945/08/11,BA,22,6,14,50,84
1945/08/18,BA,71,31,13,21,85
1945/08/25,BA,63,6,72,3,62
1945/09/01,BA,5,1,4,25,79
1945/09/08,BA,46,45,7,74,4
1945/09/15,BA,26,28,25,90,2
1945/09/22,BA,38,74,5,27,13
1945/09/29,BA,84,66,4,8,22
1945/10/06,BA,70,18,23,79,17
1945/10/13,BA,58,44,16,29,10
1945/10/20,BA,74,69,29,58,14
1945/10/27,BA,19,26,34,27,2
1945/11/03,BA,2,8,66,58,88
1945/11/10,BA,40,15,17,25,3
1945/11/17,BA,20,48,69,57,46
1945/11/24,BA,13,80,6,45,41
1945/12/01,BA,62,73,12,22,29
1945/12/07,BA,10,38,40,84,6
1945/12/15,BA,59,4,63,53,79
1945/12/22,BA,56,44,3,79,48
1945/12/29,BA,9,87,83,28,62
1946/01/05,BA,47,25,83,59,37
1946/01/12,BA,74,20,48,1,76
1946/01/19,BA,46,6,4,20,65
1946/01/26,BA,77,49,9,43,64
1946/02/02,BA,66,3,45,42,8
1946/02/09,BA,85,39,42,22,90
1946/02/16,BA,33,42,86,84,30
1946/02/23,BA,36,65,60,85,1
1946/03/02,BA,76,10,16,6,1
1946/03/09,BA,5,38,68,56,70
1946/03/16,BA,18,51,77,14,89
1946/03/23,BA,75,39,28,78,14
1946/03/30,BA,87,81,42,38,84
1946/04/06,BA,50,49,63,48,74
1946/04/13,BA,44,22,10,86,56
1946/04/20,BA,15,79,1,10,5
1946/04/27,BA,74,44,23,59,46
1946/05/04,BA,23,10,62,89,46
1946/05/11,BA,51,55,12,24,76
1946/05/18,BA,37,16,85,31,1
1946/05/25,BA,79,58,11,83,55
1946/06/01,BA,87,12,83,43,25
1946/06/08,BA,49,33,42,52,14
1946/06/15,BA,88,55,17,21,5
1946/06/22,BA,25,71,78,34,38
1946/06/29,BA,79,89,14,25,38
1946/07/06,BA,90,52,40,51,69
1946/07/13,BA,76,81,10,26,40
1946/07/20,BA,20,52,46,10,62
1946/07/27,BA,45,43,51,67,90
1946/08/03,BA,68,57,72,46,37
1946/08/10,BA,58,55,65,63,8
1946/08/17,BA,39,16,24,89,5
1946/08/24,BA,15,68,82,66,67
1946/08/31,BA,13,83,19,55,73
1946/09/07,BA,31,74,75,28,80
1946/09/14,BA,68,22,78,60,58
1946/09/21,BA,60,77,28,72,43
1946/09/28,BA,28,18,59,42,71
1946/10/05,BA,17,64,61,29,2
1946/10/12,BA,81,26,61,6,53
1946/10/19,BA,76,24,1,33,26
1946/10/26,BA,74,82,23,34,5
1946/11/02,BA,4,73,25,51,21
1946/11/09,BA,50,6,46,68,69
1946/11/16,BA,42,6,1,73,66
1946/11/23,BA,87,86,79,58,27
1946/11/30,BA,82,70,27,32,19
1946/12/07,BA,43,50,70,72,22
1946/12/14,BA,9,22,43,77,20
1946/12/21,BA,60,73,13,35,71
1946/12/28,BA,37,11,72,79,49
1947/01/04,BA,5,77,23,66,60
1947/01/11,BA,47,90,1,87,75
1947/01/18,BA,65,3,64,78,47
1947/01/25,BA,53,86,76,6,40
1947/02/01,BA,6,49,4,82,69
1947/02/08,BA,36,70,87,49,55
1947/02/15,BA,23,24,87,13,85
1947/02/22,BA,43,10,8,5,3
1947/03/01,BA,71,6,26,27,82
1947/03/08,BA,14,52,27,32,23
1947/03/15,BA,25,54,1,27,69
1947/03/22,BA,2,56,70,41,1
1947/03/29,BA,21,72,90,31,45
1947/04/05,BA,61,46,76,58,80
1947/04/12,BA,63,70,60,89,72
1947/04/19,BA,65,77,6,27,71
1947/04/26,BA,39,8,9,53,56
1947/05/03,BA,76,1,48,45,23
1947/05/10,BA,76,89,10,73,13
1947/05/17,BA,40,77,66,7,68
1947/05/24,BA,63,44,11,79,61
1947/05/31,BA,37,81,34,64,65
1947/06/07,BA,6,25,10,17,44
1947/06/14,BA,33,51,80,22,62
1947/06/21,BA,42,18,14,39,46
1947/06/28,BA,37,62,60,14,31
1947/07/05,BA,47,58,60,28,68
1947/07/12,BA,76,38,61,9,59
1947/07/19,BA,37,10,57,64,24
1947/07/26,BA,56,45,67,59,89
1947/08/02,BA,36,13,76,55,5
1947/08/09,BA,66,41,1,51,50
1947/08/16,BA,79,39,85,22,45
1947/08/23,BA,22,52,32,65,64
1947/08/30,BA,76,62,63,44,17
1947/09/06,BA,2,10,80,35,74
1947/09/13,BA,36,85,35,15,82
1947/09/20,BA,84,18,70,60,65
1947/09/27,BA,11,32,62,28,49
1947/10/04,BA,77,62,10,75,55
1947/10/11,BA,28,42,51,6,78
1947/10/18,BA,20,82,30,53,84
1947/10/25,BA,66,43,41,53,72
1947/11/01,BA,86,60,17,89,64
1947/11/08,BA,14,10,18,55,15
1947/11/15,BA,2,82,20,18,60
1947/11/22,BA,51,66,56,34,88
1947/11/29,BA,9,51,29,1,6
1947/12/06,BA,61,57,40,28,8
1947/12/13,BA,19,50,9,24,34
1947/12/20,BA,38,54,46,53,89
1947/12/27,BA,2,36,43,18,1
1948/01/03,BA,77,1,37,21,61
1948/01/10,BA,61,72,35,27,68
1948/01/17,BA,56,6,39,83,63
1948/01/24,BA,62,18,6,21,78
1948/01/31,BA,54,64,61,52,76
1948/02/07,BA,64,22,63,70,84
1948/02/14,BA,74,66,72,4,36
1948/02/21,BA,70,90,37,45,59
1948/02/28,BA,32,60,44,14,71
1948/03/06,BA,29,48,73,18,26
1948/03/13,BA,9,72,82,50,2
1948/03/20,BA,50,14,73,7,89
1948/03/27,BA,48,51,28,39,12
1948/04/03,BA,5,74,87,75,47
1948/04/10,BA,15,60,55,47,14
1948/04/17,BA,43,60,86,30,5
1948/04/24,BA,37,64,55,78,90
1948/04/30,BA,29,75,15,36,49
1948/05/08,BA,32,67,75,64,51
1948/05/15,BA,17,45,30,90,72
1948/05/22,BA,40,41,39,25,13
1948/05/29,BA,7,60,32,5,25
1948/06/05,BA,58,22,84,89,46
1948/06/12,BA,74,10,19,47,32
1948/06/19,BA,62,71,28,54,50
1948/06/26,BA,4,60,30,87,26
1948/07/03,BA,81,56,68,79,48
1948/07/10,BA,84,48,55,89,12
1948/07/17,BA,21,78,5,50,25
1948/07/24,BA,68,81,16,58,55
1948/07/31,BA,17,57,6,63,69
1948/08/07,BA,37,32,57,64,85
1948/08/14,BA,54,77,86,58,71
1948/08/21,BA,48,19,9,6,86
1948/08/28,BA,12,2,52,31,79
1948/09/04,BA,8,89,54,78,56
1948/09/11,BA,78,26,49,22,3
1948/09/18,BA,67,75,43,17,22
1948/09/25,BA,75,5,18,53,30
1948/10/02,BA,37,35,68,11,1
1948/10/09,BA,32,59,40,12,53
1948/10/16,BA,46,81,76,35,31
1948/10/23,BA,83,70,89,67,37
1948/10/30,BA,81,64,66,79,84
1948/11/06,BA,65,23,54,42,44
1948/11/13,BA,59,78,81,62,71
1948/11/20,BA,47,31,24,72,79
1948/11/27,BA,67,80,21,17,18
1948/12/04,BA,7,33,85,79,46
1948/12/11,BA,84,30,50,78,71
1948/12/18,BA,25,53,18,33,12
1948/12/24,BA,58,69,36,13,81
1948/12/31,BA,49,69,15,48,14
1949/01/08,BA,2,90,12,3,48
1949/01/15,BA,72,64,56,59,79
1949/01/22,BA,8,10,75,83,7
1949/01/29,BA,64,36,60,57,18
1949/02/05,BA,31,71,53,44,58
1949/02/12,BA,10,60,39,69,2
1949/02/19,BA,52,33,15,4,65
1949/02/26,BA,48,24,40,19,76
1949/03/05,BA,82,76,56,36,50
1949/03/12,BA,28,64,75,9,86
1949/03/19,BA,35,10,64,2,58
1949/03/26,BA,21,16,37,49,63
1949/04/02,BA,62,29,33,55,26
1949/04/09,BA,50,45,52,48,13
1949/04/16,BA,73,65,78,25,69
1949/04/23,BA,2,75,58,34,45
1949/04/30,BA,28,12,38,89,16
1949/05/07,BA,35,2,10,66,75
1949/05/14,BA,53,14,26,55,84
1949/05/21,BA,20,44,56,33,18
1949/05/28,BA,1,86,51,17,28
1949/06/04,BA,60,2,64,29,15
1949/06/11,BA,83,23,45,20,54
1949/06/18,BA,63,48,40,80,59
1949/06/25,BA,2,81,34,27,33
1949/07/02,BA,74,58,26,45,82
1949/07/09,BA,59,1,48,86,54
1949/07/16,BA,75,76,90,33,4
1949/07/23,BA,88,40,47,30,84
1949/07/30,BA,74,37,1,84,25
1949/08/06,BA,39,11,89,20,85
1949/08/13,BA,51,66,33,22,16
1949/08/20,BA,54,40,2,34,44
1949/08/27,BA,77,84,45,52,71
1949/09/03,BA,56,53,67,12,29
1949/09/10,BA,81,42,6,87,44
1949/09/17,BA,33,19,9,55,86
1949/09/24,BA,56,62,31,79,32
1949/10/01,BA,34,88,69,80,44
1949/10/08,BA,20,8,66,56,63
1949/10/15,BA,31,37,53,8,16
1949/10/22,BA,47,42,21,60,16
1949/10/29,BA,20,31,58,63,40
1949/11/05,BA,2,86,8,25,9
1949/11/12,BA,66,60,70,32,1
1949/11/19,BA,38,78,61,65,74
1949/11/26,BA,34,25,11,68,78
1949/12/03,BA,74,72,18,88,21
1949/12/12,BA,56,67,15,85,10
1949/12/17,BA,55,35,54,36,26
1949/12/24,BA,90,27,25,37,87
1949/12/31,BA,19,53,80,66,56
1950/01/07,BA,56,57,12,77,62
1950/01/14,BA,47,60,36,4,51
1950/01/21,BA,2,36,39,76,10
1950/01/28,BA,46,88,9,2,67
1950/02/04,BA,40,44,33,68,10
1950/02/11,BA,20,30,72,82,40
1950/02/18,BA,81,83,4,19,40
1950/02/25,BA,90,62,85,12,10
1950/03/04,BA,47,10,31,21,52
1950/03/11,BA,44,90,18,63,32
1950/03/18,BA,12,73,4,1,61
1950/03/25,BA,11,76,38,24,1
1950/04/01,BA,50,3,76,29,53
1950/04/08,BA,61,79,76,16,65
1950/04/15,BA,61,81,84,17,78
1950/04/22,BA,22,48,84,63,1
1950/04/29,BA,37,20,74,90,39
1950/05/06,BA,3,17,25,1,51
1950/05/13,BA,17,64,85,80,4
1950/05/20,BA,35,59,19,79,46
1950/05/27,BA,43,61,18,82,55
1950/06/03,BA,1,76,78,35,65
1950/06/10,BA,69,49,56,52,77
1950/06/17,BA,40,35,61,39,85
1950/06/24,BA,35,53,5,70,18
1950/07/01,BA,45,68,81,26,37
1950/07/08,BA,7,89,4,62,56
1950/07/15,BA,61,25,75,68,22
1950/07/22,BA,67,70,50,39,7
1950/07/29,BA,74,23,69,87,5
1950/08/05,BA,69,50,47,74,33
1950/08/12,BA,83,49,89,82,42
1950/08/19,BA,31,13,19,29,34
1950/08/26,BA,48,9,86,59,23
1950/09/02,BA,77,24,22,10,54
1950/09/09,BA,45,6,29,35,8
1950/09/16,BA,31,5,78,60,40
1950/09/23,BA,75,12,2,28,89
1950/09/30,BA,8,16,12,15,10
1950/10/07,BA,3,82,80,67,27
1950/10/14,BA,63,65,68,58,20
1950/10/21,BA,90,60,2,88,33
1950/10/28,BA,37,15,89,26,85
1950/11/04,BA,37,74,88,90,65
1950/11/11,BA,41,86,49,23,30
1950/11/18,BA,44,89,7,4,71
1950/11/25,BA,52,64,48,2,62
1950/12/02,BA,87,47,17,68,45
1950/12/09,BA,62,72,56,12,1
1950/12/16,BA,69,16,7,87,73
1950/12/23,BA,80,56,10,69,1
1950/12/30,BA,23,41,19,63,44
1951/01/06,BA,49,81,65,84,9
1951/01/13,BA,65,43,60,79,8
1951/01/20,BA,68,52,12,66,62
1951/01/27,BA,81,53,26,78,62
1951/02/03,BA,20,81,52,17,32
1951/02/10,BA,86,50,16,15,27
1951/02/17,BA,27,88,85,26,15
1951/02/24,BA,15,78,68,49,81
1951/03/03,BA,59,6,69,79,66
1951/03/10,BA,51,75,5,52,29
1951/03/17,BA,50,13,37,76,20
1951/03/24,BA,82,53,12,52,63
1951/03/31,BA,1,70,44,82,86
1951/04/07,BA,19,88,15,2,12
1951/04/14,BA,32,71,81,19,40
1951/04/21,BA,76,17,65,58,81
1951/04/28,BA,67,77,39,52,11
1951/05/05,BA,33,32,73,56,86
1951/05/12,BA,60,70,41,84,17
1951/05/19,BA,32,16,68,49,52
1951/05/26,BA,15,69,16,42,47
1951/06/01,BA,15,28,57,40,52
1951/06/09,BA,22,42,73,15,67
1951/06/16,BA,53,59,31,71,11
1951/06/23,BA,52,25,26,22,80
1951/06/30,BA,75,67,59,55,32
1951/07/07,BA,44,53,69,40,85
1951/07/14,BA,71,39,35,81,16
1951/07/21,BA,59,60,62,89,17
1951/07/28,BA,66,79,6,48,15
1951/08/04,BA,79,73,7,9,66
1951/08/11,BA,24,6,21,50,38
1951/08/18,BA,53,69,30,55,9
1951/08/25,BA,56,48,74,90,49
1951/09/01,BA,60,50,83,36,65
1951/09/08,BA,83,11,54,19,55
1951/09/15,BA,23,2,71,68,1
1951/09/22,BA,87,64,70,21,28
1951/09/29,BA,73,70,89,7,18
1951/10/06,BA,72,54,33,89,56
1951/10/13,BA,46,26,29,50,59
1951/10/20,BA,50,82,77,46,89
1951/10/27,BA,6,72,54,69,75
1951/11/03,BA,89,68,69,59,22
1951/11/10,BA,12,50,84,18,47
1951/11/17,BA,52,90,75,53,46
1951/11/24,BA,8,88,87,82,51
1951/12/01,BA,4,31,1,57,35
1951/12/10,BA,16,72,63,54,34
1951/12/15,BA,74,78,46,47,32
1951/12/22,BA,50,43,35,88,82
1951/12/28,BA,70,61,35,45,50
1952/01/05,BA,13,75,17,50,26
1952/01/12,BA,82,54,30,85,60
1952/01/19,BA,18,25,85,58,63
1952/01/26,BA,87,5,15,37,28
1952/02/02,BA,89,8,18,75,6
1952/02/09,BA,59,21,43,18,87
1952/02/16,BA,71,59,31,17,67
1952/02/23,BA,68,16,71,63,80
1952/03/01,BA,81,42,86,4,65
1952/03/08,BA,10,83,62,23,7
1952/03/15,BA,61,16,31,17,10
1952/03/22,BA,33,53,26,65,76
1952/03/29,BA,13,67,30,10,8
1952/04/05,BA,40,9,19,70,71
1952/04/12,BA,35,68,23,14,29
1952/04/19,BA,30,4,3,65,89
1952/04/26,BA,62,56,31,15,58
1952/05/03,BA,64,80,36,5,77
1952/05/10,BA,69,73,83,43,89
1952/05/17,BA,8,71,32,53,74
1952/05/24,BA,64,47,77,1,36
1952/05/31,BA,12,57,2,18,46
1952/06/07,BA,21,83,24,5,30
1952/06/14,BA,70,39,4,62,47
1952/06/21,BA,1,76,90,4,63
1952/06/28,BA,48,51,79,15,56
1952/07/05,BA,60,17,7,10,16
1952/07/12,BA,87,81,22,59,36
1952/07/19,BA,39,76,27,22,65
1952/07/26,BA,34,6,32,77,68
1952/08/02,BA,5,18,1,21,57
1952/08/09,BA,56,2,66,81,78
1952/08/16,BA,38,50,45,74,83
1952/08/23,BA,25,83,5,82,52
1952/08/30,BA,25,32,41,85,20
1952/09/06,BA,67,75,16,61,4
1952/09/13,BA,25,52,42,40,51
1952/09/20,BA,29,81,72,79,43
1952/09/27,BA,87,30,22,89,78
1952/10/04,BA,9,42,47,20,51
1952/10/11,BA,14,52,36,1,79
1952/10/18,BA,88,3,89,29,75
1952/10/25,BA,69,26,6,51,75
1952/11/03,BA,84,86,83,11,19
1952/11/08,BA,39,65,7,72,35
1952/11/15,BA,83,58,17,24,63
1952/11/22,BA,80,83,1,65,29
1952/11/29,BA,80,36,39,22,20
1952/12/06,BA,54,87,2,7,38
1952/12/13,BA,34,48,57,70,30
1952/12/20,BA,59,38,47,35,26
1952/12/29,BA,10,55,7,59,17
1953/01/03,BA,17,84,59,83,89
1953/01/10,BA,75,56,18,67,2
1953/01/17,BA,38,63,30,36,75
1953/01/24,BA,87,13,51,14,30
1953/01/31,BA,14,55,53,66,56
1953/02/07,BA,54,68,84,20,73
1953/02/14,BA,42,21,47,9,3
1953/02/21,BA,29,90,40,77,51
1953/02/28,BA,53,19,22,75,21
1953/03/07,BA,7,70,63,48,33
1953/03/14,BA,38,52,74,59,64
1953/03/21,BA,4,20,35,39,13
1953/03/28,BA,53,37,26,58,83
1953/04/04,BA,4,55,12,80,57
1953/04/11,BA,68,81,32,77,76
1953/04/18,BA,44,5,43,75,51
1953/04/25,BA,88,4,84,5,43
1953/05/02,BA,21,73,25,86,47
1953/05/09,BA,69,53,40,51,43
1953/05/16,BA,29,6,57,59,46
1953/05/23,BA,8,86,33,47,52
1953/05/30,BA,45,3,36,7,20
1953/06/06,BA,61,6,72,47,74
1953/06/13,BA,21,80,20,14,88
1953/06/20,BA,26,52,8,13,90
1953/06/27,BA,20,45,28,39,57
1953/07/04,BA,58,67,78,66,74
1953/07/11,BA,90,36,63,8,85
1953/07/18,BA,54,19,35,56,9
1953/07/25,BA,9,62,45,44,20
1953/08/01,BA,71,43,74,8,20
1953/08/08,BA,87,47,73,43,80
1953/08/14,BA,53,34,63,83,52
1953/08/22,BA,12,79,5,28,84
1953/08/29,BA,86,38,13,71,16
1953/09/05,BA,41,70,46,65,51
1953/09/12,BA,46,34,22,62,4
1953/09/19,BA,40,60,78,11,31
1953/09/26,BA,85,9,33,58,46
1953/10/03,BA,36,65,89,49,82
1953/10/10,BA,19,21,43,59,26
1953/10/17,BA,64,5,89,19,71
1953/10/24,BA,47,66,3,7,18
1953/10/31,BA,2,14,69,41,15
1953/11/07,BA,5,9,35,59,73
1953/11/14,BA,54,25,1,74,88
1953/11/21,BA,15,47,80,64,12
1953/11/28,BA,38,51,47,79,84
1953/12/05,BA,13,78,8,50,56
1953/12/12,BA,10,25,74,39,72
1953/12/19,BA,42,35,82,81,8
1953/12/28,BA,28,54,43,74,46
1954/01/02,BA,28,78,60,17,18
1954/01/09,BA,54,43,63,30,83
1954/01/16,BA,30,8,15,12,76
1954/01/23,BA,3,13,11,20,66
1954/01/30,BA,28,64,84,5,34
1954/02/06,BA,70,12,60,79,87
1954/02/13,BA,78,23,11,20,59
1954/02/20,BA,38,57,70,85,12
1954/02/27,BA,53,83,48,87,66
1954/03/06,BA,11,90,9,53,8
1954/03/13,BA,63,34,77,80,75
1954/03/20,BA,44,80,20,89,58
1954/03/27,BA,11,57,70,23,17
1954/04/03,BA,24,30,85,49,1
1954/04/10,BA,66,48,86,35,19
1954/04/17,BA,58,61,88,80,68
1954/04/24,BA,39,8,15,7,13
1954/04/30,BA,26,1,48,53,45
1954/05/08,BA,17,42,86,8,77
1954/05/15,BA,63,45,84,31,89
1954/05/22,BA,18,29,72,42,68
1954/05/29,BA,42,26,14,48,84
1954/06/05,BA,10,16,46,89,82
1954/06/12,BA,3,53,82,29,48
1954/06/19,BA,76,13,40,3,44
1954/06/26,BA,76,20,9,73,28
1954/07/03,BA,60,12,75,38,45
1954/07/10,BA,79,32,35,68,58
1954/07/17,BA,53,22,65,30,24
1954/07/24,BA,76,3,62,55,58
1954/07/31,BA,79,85,10,49,50
1954/08/07,BA,38,43,48,19,24
1954/08/14,BA,82,27,87,32,70
1954/08/21,BA,37,25,22,43,7
1954/08/28,BA,80,9,25,89,38
1954/09/04,BA,47,69,78,53,17
1954/09/11,BA,1,76,33,24,37
1954/09/18,BA,33,85,44,39,79
1954/09/25,BA,14,48,47,46,50
1954/10/02,BA,90,48,46,10,54
1954/10/09,BA,56,66,41,76,16
1954/10/16,BA,22,54,28,5,70
1954/10/23,BA,42,76,60,40,56
1954/10/30,BA,11,41,67,37,20
1954/11/06,BA,34,52,54,22,12
1954/11/13,BA,51,48,40,6,61
1954/11/20,BA,56,51,88,59,35
1954/11/27,BA,67,13,1,4,6
1954/12/04,BA,75,34,3,37,6
1954/12/11,BA,42,77,1,59,87
1954/12/18,BA,16,84,22,11,24
1954/12/24,BA,40,44,68,84,58
1954/12/31,BA,41,59,27,56,74
1955/01/08,BA,60,58,7,30,28
1955/01/15,BA,70,19,25,80,30
1955/01/22,BA,40,66,85,20,5
1955/01/29,BA,4,21,89,51,16
1955/02/05,BA,67,15,22,84,64
1955/02/12,BA,51,26,36,81,8
1955/02/19,BA,35,28,48,37,63
1955/02/26,BA,14,78,30,12,5
1955/03/05,BA,78,47,88,84,69
1955/03/12,BA,80,7,15,33,4
1955/03/19,BA,75,49,46,62,28
1955/03/26,BA,16,57,28,86,29
1955/04/02,BA,36,53,83,43,16
1955/04/09,BA,52,89,63,20,23
1955/04/16,BA,23,6,58,24,53
1955/04/23,BA,13,70,71,30,85
1955/04/30,BA,24,74,58,19,60
1955/05/07,BA,90,29,85,87,8
1955/05/14,BA,43,66,30,63,16
1955/05/21,BA,46,64,76,14,45
1955/05/28,BA,23,81,42,41,64
1955/06/04,BA,52,35,70,9,81
1955/06/11,BA,73,65,3,36,2
1955/06/18,BA,34,24,82,23,55
1955/06/25,BA,66,34,54,74,48
1955/07/02,BA,9,90,69,13,5
1955/07/09,BA,3,21,40,31,9
1955/07/16,BA,79,50,6,53,51
1955/07/23,BA,39,44,47,77,55
1955/07/30,BA,68,72,15,22,86
1955/08/06,BA,43,48,76,88,53
1955/08/13,BA,30,70,46,86,88
1955/08/20,BA,60,71,30,19,83
1955/08/27,BA,21,59,5,67,43
1955/09/03,BA,21,36,82,7,30
1955/09/10,BA,15,30,86,85,53
1955/09/17,BA,27,41,54,3,11
1955/09/24,BA,9,64,48,84,25
1955/10/01,BA,30,83,4,5,38
1955/10/08,BA,90,72,14,6,81
1955/10/15,BA,75,3,22,54,28
1955/10/22,BA,84,78,14,87,63
1955/10/29,BA,58,45,73,81,41
1955/11/05,BA,8,78,43,25,41
1955/11/12,BA,8,27,12,59,47
1955/11/19,BA,20,32,15,34,1
1955/11/26,BA,3,81,36,55,12
1955/12/03,BA,17,23,36,7,62
1955/12/10,BA,74,14,26,4,38
1955/12/17,BA,59,15,5,27,81
1955/12/24,BA,61,76,39,22,82
1955/12/31,BA,63,34,53,7,62
1956/01/07,BA,13,18,82,53,40
1956/01/14,BA,55,76,82,4,47
1956/01/21,BA,16,17,4,2,19
1956/01/28,BA,51,71,84,33,60
1956/02/04,BA,77,44,74,49,14
1956/02/11,BA,59,74,54,55,30
1956/02/18,BA,30,46,78,6,58
1956/02/25,BA,82,35,25,1,27
1956/03/03,BA,9,36,15,32,55
1956/03/10,BA,4,56,27,67,5
1956/03/17,BA,27,53,19,41,49
1956/03/24,BA,12,85,89,20,9
1956/03/31,BA,86,58,29,88,70
1956/04/07,BA,16,20,70,80,29
1956/04/14,BA,20,79,30,26,60
1956/04/21,BA,18,35,60,73,72
1956/04/28,BA,10,56,1,44,75
1956/05/05,BA,49,20,54,82,70
1956/05/12,BA,66,69,24,34,46
1956/05/19,BA,88,57,82,37,62
1956/05/26,BA,21,64,68,73,77
1956/06/02,BA,72,60,55,74,75
1956/06/09,BA,26,4,13,17,38
1956/06/16,BA,1,73,12,40,66
1956/06/23,BA,16,47,70,60,23
1956/06/30,BA,53,16,10,48,23
1956/07/07,BA,22,39,43,37,53
1956/07/14,BA,21,43,37,67,8
1956/07/21,BA,44,9,64,88,68
1956/07/28,BA,11,58,47,36,82
1956/08/04,BA,59,65,71,85,33
1956/08/11,BA,33,88,74,18,25
1956/08/18,BA,5,72,60,52,45
1956/08/25,BA,39,32,46,62,87
1956/09/01,BA,31,41,64,45,48
1956/09/08,BA,34,28,24,85,65
1956/09/15,BA,39,71,82,48,1
1956/09/22,BA,10,18,31,38,69
1956/09/29,BA,43,29,63,74,88
1956/10/06,BA,86,41,54,20,90
1956/10/13,BA,89,19,44,64,53
1956/10/20,BA,31,32,29,66,68
1956/10/27,BA,67,45,32,27,44
1956/11/03,BA,34,28,87,32,48
1956/11/10,BA,7,25,41,12,30
1956/11/17,BA,84,29,7,58,3
1956/11/24,BA,79,16,89,77,17
1956/12/01,BA,68,40,19,1,23
1956/12/07,BA,64,42,38,14,34
1956/12/15,BA,39,5,46,88,80
1956/12/22,BA,5,59,66,54,63
1956/12/29,BA,61,73,14,86,53
1957/01/05,BA,86,8,35,50,49
1957/01/12,BA,81,2,12,60,41
1957/01/19,BA,74,60,16,68,88
1957/01/26,BA,16,27,64,73,50
1957/02/02,BA,4,6,37,23,44
1957/02/09,BA,50,61,75,10,35
1957/02/16,BA,88,13,41,21,37
1957/02/23,BA,90,59,84,60,47
1957/03/02,BA,89,46,12,28,37
1957/03/09,BA,87,6,4,23,89
1957/03/16,BA,40,28,71,22,88
1957/03/23,BA,51,18,76,7,6
1957/03/30,BA,28,8,82,46,77
1957/04/06,BA,68,65,16,11,5
1957/04/13,BA,84,36,25,65,72
1957/04/20,BA,82,62,81,68,26
1957/04/27,BA,29,27,40,36,15
1957/05/04,BA,15,49,65,61,18
1957/05/11,BA,29,87,15,9,4
1957/05/18,BA,22,65,51,34,62
1957/05/25,BA,84,54,70,20,60
1957/06/01,BA,90,41,54,30,44
1957/06/08,BA,48,72,6,39,8
1957/06/15,BA,71,12,20,77,84
1957/06/22,BA,37,5,18,82,54
1957/06/28,BA,22,52,90,6,51
1957/07/06,BA,29,81,63,79,47
1957/07/13,BA,16,26,9,89,79
1957/07/20,BA,7,90,20,66,35
1957/07/27,BA,32,12,39,53,36
1957/08/03,BA,72,22,60,19,48
1957/08/10,BA,71,57,58,44,26
1957/08/17,BA,13,7,10,85,62
1957/08/24,BA,48,46,10,14,11
1957/08/31,BA,67,77,81,1,18
1957/09/07,BA,17,13,15,89,45
1957/09/14,BA,85,58,89,51,3
1957/09/21,BA,6,13,65,18,15
1957/09/28,BA,11,30,44,38,12
1957/10/05,BA,71,67,61,8,64
1957/10/12,BA,60,10,63,22,3
1957/10/19,BA,75,87,4,23,67
1957/10/26,BA,12,68,11,51,85
1957/11/02,BA,54,56,47,11,41
1957/11/09,BA,64,71,82,23,85
1957/11/16,BA,29,80,8,89,79
1957/11/23,BA,4,82,41,13,28
1957/11/30,BA,67,30,89,36,58
1957/12/07,BA,86,65,9,37,83
1957/12/14,BA,58,21,53,19,34
1957/12/21,BA,32,62,33,39,77
1957/12/28,BA,14,33,30,69,75
1958/01/04,BA,63,41,17,45,83
1958/01/11,BA,60,69,36,7,38
1958/01/18,BA,86,26,18,17,36
1958/01/25,BA,73,57,2,8,20
1958/02/01,BA,31,27,4,33,89
1958/02/08,BA,29,75,65,17,38
1958/02/15,BA,77,16,8,50,82
1958/02/22,BA,68,77,9,30,28
1958/03/01,BA,6,61,27,9,13
1958/03/08,BA,20,28,5,63,75
1958/03/15,BA,72,74,63,26,49
1958/03/22,BA,18,46,57,78,19
1958/03/29,BA,25,59,49,12,70
1958/04/05,BA,77,62,57,56,65
1958/04/12,BA,35,90,28,31,80
1958/04/19,BA,29,23,62,56,38
1958/04/26,BA,50,21,81,38,48
1958/05/03,BA,57,35,41,27,12
1958/05/10,BA,78,31,13,7,72
1958/05/17,BA,13,85,33,62,34
1958/05/24,BA,90,2,48,50,5
1958/05/31,BA,21,64,46,33,6
1958/06/07,BA,45,73,81,50,9
1958/06/14,BA,46,53,80,74,58
1958/06/21,BA,40,2,18,65,86
1958/06/28,BA,26,13,58,45,8
1958/07/05,BA,33,71,6,51,42
1958/07/12,BA,34,53,24,61,45
1958/07/19,BA,62,77,16,46,52
1958/07/26,BA,5,10,18,38,47
1958/08/02,BA,42,85,70,8,59
1958/08/09,BA,16,80,63,70,89
1958/08/16,BA,64,37,82,3,86
1958/08/23,BA,35,58,87,44,82
1958/08/30,BA,44,89,79,25,47
1958/09/06,BA,54,82,33,53,3
1958/09/13,BA,9,20,72,13,29
1958/09/20,BA,38,79,63,58,69
1958/09/27,BA,63,59,26,37,81
1958/10/04,BA,75,16,60,35,25
1958/10/11,BA,3,5,34,38,62
1958/10/18,BA,41,40,30,25,38
1958/10/25,BA,68,88,62,70,76
1958/11/01,BA,1,8,37,31,29
1958/11/08,BA,32,6,83,16,11
1958/11/15,BA,17,36,1,88,78
1958/11/22,BA,72,34,25,86,66
1958/11/29,BA,10,31,60,68,59
1958/12/06,BA,33,24,85,18,69
1958/12/13,BA,4,80,10,24,17
1958/12/20,BA,44,33,36,20,45
1958/12/27,BA,61,58,54,44,15
1959/01/03,BA,42,10,48,88,52
1959/01/10,BA,16,90,5,13,41
1959/01/17,BA,90,47,30,4,37
1959/01/24,BA,3,35,27,21,52
1959/01/31,BA,66,59,68,76,58
1959/02/07,BA,41,51,44,58,87
1959/02/14,BA,51,45,32,61,71
1959/02/21,BA,4,87,68,46,27
1959/02/28,BA,82,63,27,21,74
1959/03/07,BA,10,57,68,23,53
1959/03/14,BA,39,21,37,36,54
1959/03/21,BA,3,40,82,86,50
1959/03/28,BA,38,9,90,76,63
1959/04/04,BA,22,90,2,43,40
1959/04/11,BA,9,72,25,41,71
1959/04/18,BA,52,81,8,31,59
1959/04/27,BA,52,33,57,85,2
1959/05/04,BA,30,31,81,47,46
1959/05/09,BA,28,67,80,61,40
1959/05/16,BA,34,12,15,52,35
1959/05/23,BA,31,17,14,66,34
1959/05/30,BA,80,21,68,74,62
1959/06/06,BA,81,6,56,67,18
1959/06/13,BA,69,15,28,61,16
1959/06/20,BA,63,64,42,73,51
1959/06/27,BA,9,72,7,8,62
1959/07/04,BA,3,1,8,15,58
1959/07/11,BA,26,57,2,48,41
1959/07/18,BA,34,18,81,9,26
1959/07/25,BA,1,13,86,4,21
1959/08/01,BA,40,10,59,80,79
1959/08/08,BA,31,24,20,2,10
1959/08/17,BA,46,15,25,72,1
1959/08/22,BA,24,67,30,37,88
1959/08/29,BA,45,8,25,77,37
1959/09/05,BA,62,83,22,46,23
1959/09/12,BA,36,14,18,28,33
1959/09/19,BA,47,46,13,89,68
1959/09/26,BA,44,79,37,64,61
1959/10/03,BA,60,77,23,10,81
1959/10/10,BA,27,11,88,73,56
1959/10/17,BA,72,52,39,35,87
1959/10/24,BA,46,13,32,22,7
1959/10/31,BA,83,48,62,86,27
1959/11/07,BA,67,11,56,60,47
1959/11/14,BA,65,43,18,80,81
1959/11/21,BA,7,6,59,49,36
1959/11/28,BA,5,56,53,59,14
1959/12/05,BA,63,3,78,1,51
1959/12/12,BA,83,59,75,18,44
1959/12/19,BA,19,68,37,16,4
1959/12/28,BA,57,15,38,22,53
1960/01/04,BA,80,26,39,70,59
1960/01/09,BA,52,10,53,7,62
1960/01/16,BA,78,89,27,25,44
1960/01/23,BA,25,20,70,46,17
1960/01/30,BA,51,25,40,60,33
1960/02/06,BA,75,84,41,50,30
1960/02/13,BA,42,65,77,47,34
1960/02/20,BA,71,67,28,57,90
1960/02/27,BA,57,18,44,89,14
1960/03/05,BA,31,64,2,50,38
1960/03/12,BA,82,24,55,78,29
1960/03/21,BA,20,46,23,54,63
1960/03/26,BA,31,12,72,47,89
1960/04/02,BA,21,25,35,82,51
1960/04/09,BA,66,6,74,26,18
1960/04/16,BA,48,42,64,17,47
1960/04/23,BA,69,4,22,32,49
1960/04/30,BA,5,63,82,59,65
1960/05/07,BA,45,27,70,63,86
1960/05/14,BA,18,24,87,88,56
1960/05/21,BA,34,41,15,57,80
1960/05/28,BA,30,54,51,44,26
1960/06/04,BA,4,39,5,81,79
1960/06/11,BA,7,36,11,86,48
1960/06/18,BA,31,82,88,85,8
1960/06/25,BA,65,55,41,5,53
1960/07/02,BA,35,30,47,61,28
1960/07/09,BA,19,41,90,75,1
1960/07/16,BA,2,44,24,12,52
1960/07/23,BA,28,76,9,49,45
1960/07/30,BA,82,66,74,80,43
1960/08/06,BA,66,80,65,69,53
1960/08/13,BA,25,53,43,22,19
1960/08/20,BA,68,82,70,85,25
1960/08/27,BA,2,24,10,57,67
1960/09/03,BA,13,58,78,11,49
1960/09/10,BA,30,49,6,63,25
1960/09/17,BA,20,74,89,34,33
1960/09/24,BA,64,38,54,48,82
1960/10/01,BA,38,57,36,27,26
1960/10/08,BA,44,78,73,33,4
1960/10/15,BA,10,52,57,48,17
1960/10/22,BA,41,79,2,28,5
1960/10/29,BA,14,34,7,31,88
1960/11/07,BA,75,39,3,57,9
1960/11/12,BA,36,2,4,29,40
1960/11/19,BA,76,10,87,89,74
1960/11/26,BA,11,15,36,46,73
1960/12/03,BA,71,9,63,47,23
1960/12/10,BA,62,9,26,81,65
1960/12/17,BA,79,7,58,44,16
1960/12/24,BA,53,22,1,79,35
1960/12/31,BA,48,22,72,53,9
1961/01/09,BA,76,58,68,87,32
1961/01/14,BA,3,35,14,57,24
1961/01/21,BA,90,63,30,14,72
1961/01/28,BA,25,74,60,26,80
1961/02/04,BA,21,5,33,13,56
1961/02/11,BA,71,39,33,58,4
1961/02/18,BA,58,22,12,88,81
1961/02/25,BA,59,6,82,42,76
1961/03/04,BA,10,59,70,37,17
1961/03/11,BA,47,77,53,3,31
1961/03/18,BA,43,6,70,72,13
1961/03/25,BA,68,73,23,35,84
1961/04/01,BA,77,50,74,43,42
1961/04/08,BA,41,88,70,23,56
1961/04/15,BA,1,40,46,62,54
1961/04/22,BA,48,87,53,35,73
1961/04/29,BA,45,63,82,16,85
1961/05/06,BA,18,17,22,45,37
1961/05/13,BA,48,7,8,18,37
1961/05/20,BA,37,83,3,32,18
1961/05/27,BA,52,89,86,58,30
1961/06/05,BA,87,36,89,85,40
1961/06/17,BA,3,36,18,14,43
1961/06/24,BA,72,29,7,24,51
1961/07/01,BA,9,83,2,11,6
1961/07/08,BA,9,27,6,88,14
1961/07/15,BA,54,47,44,29,32
1961/07/22,BA,15,48,46,6,71
1961/07/29,BA,53,9,1,58,47
1961/08/05,BA,54,26,61,27,30
1961/08/12,BA,32,5,49,51,17
1961/08/19,BA,6,40,84,18,87
1961/08/26,BA,58,55,11,23,85
1961/09/02,BA,52,85,2,64,88
1961/09/09,BA,71,4,56,67,34
1961/09/16,BA,28,39,41,78,17
1961/09/23,BA,48,1,41,36,4
1961/09/30,BA,77,58,70,74,59
1961/10/07,BA,31,61,14,46,43
1961/10/14,BA,86,33,37,19,6
1961/10/21,BA,35,28,56,6,1
1961/10/28,BA,64,26,2,34,15
1961/11/06,BA,36,53,9,54,14
1961/11/11,BA,72,83,8,39,30
1961/11/18,BA,56,8,44,40,6
1961/11/25,BA,6,23,66,5,88
1961/12/02,BA,69,30,9,71,38
1961/12/11,BA,80,45,1,9,19
1961/12/16,BA,37,9,86,81,87
1961/12/23,BA,78,46,14,62,21
1961/12/30,BA,21,19,16,67,11
1962/01/08,BA,25,80,62,67,60
1962/01/13,BA,40,9,81,38,71
1962/01/20,BA,39,6,62,57,33
1962/01/27,BA,23,83,44,41,49
1962/02/03,BA,67,54,22,61,27
1962/02/10,BA,61,56,60,86,83
1962/02/17,BA,56,77,29,10,36
1962/02/24,BA,79,83,84,82,22
1962/03/03,BA,58,70,54,18,12
1962/03/10,BA,54,68,24,87,19
1962/03/17,BA,39,57,6,34,33
1962/03/24,BA,6,15,36,7,44
1962/03/31,BA,49,57,84,77,43
1962/04/07,BA,51,87,55,81,67
1962/04/14,BA,17,28,8,12,18
1962/04/21,BA,4,86,75,53,74
1962/04/28,BA,90,63,57,60,42
1962/05/05,BA,18,41,45,64,62
1962/05/12,BA,76,84,60,14,25
1962/05/19,BA,89,84,28,37,60
1962/05/26,BA,10,29,31,42,67
1962/06/04,BA,73,14,75,17,9
1962/06/09,BA,30,78,52,70,69
1962/06/16,BA,82,20,2,74,8
1962/06/23,BA,50,40,11,24,27
1962/06/30,BA,2,3,21,6,33
1962/07/07,BA,67,34,73,2,85
1962/07/14,BA,5,44,51,4,11
1962/07/21,BA,9,59,83,87,13
1962/07/28,BA,70,30,33,59,62
1962/08/04,BA,54,23,19,3,2
1962/08/11,BA,6,81,72,17,14
1962/08/18,BA,27,19,36,48,57
1962/08/25,BA,65,21,81,27,62
1962/09/01,BA,8,69,52,59,20
1962/09/08,BA,44,84,29,20,72
1962/09/15,BA,60,16,78,36,88
1962/09/22,BA,60,23,52,13,65
1962/09/29,BA,54,89,5,52,2
1962/10/06,BA,62,42,4,81,8
1962/10/13,BA,23,76,2,57,69
1962/10/20,BA,73,31,45,54,67
1962/10/27,BA,66,19,64,34,67
1962/11/03,BA,39,46,22,58,42
1962/11/10,BA,36,43,70,75,11
1962/11/17,BA,90,41,72,52,46
1962/11/24,BA,62,30,31,46,32
1962/12/01,BA,16,56,44,14,7
1962/12/10,BA,3,18,14,4,84
1962/12/15,BA,7,1,76,21,63
1962/12/22,BA,43,25,72,4,69
1962/12/29,BA,19,9,51,41,3
1963/01/05,BA,77,23,37,46,12
1963/01/12,BA,16,32,51,46,23
1963/01/19,BA,82,65,60,21,74
1963/01/26,BA,8,63,37,77,28
1963/02/02,BA,12,35,78,31,26
1963/02/09,BA,76,51,63,12,28
1963/02/16,BA,54,35,40,29,64
1963/02/23,BA,62,56,48,87,15
1963/03/02,BA,59,73,65,74,13
1963/03/09,BA,36,75,21,5,67
1963/03/16,BA,22,56,62,85,69
1963/03/23,BA,45,1,35,31,63
1963/03/30,BA,88,10,22,58,89
1963/04/06,BA,50,53,66,12,5
1963/04/13,BA,11,51,20,83,27
1963/04/20,BA,27,89,45,88,38
1963/04/27,BA,78,48,42,72,88
1963/05/04,BA,21,11,31,54,3
1963/05/11,BA,56,72,62,84,51
1963/05/18,BA,1,23,18,75,39
1963/05/25,BA,26,8,73,35,80
1963/06/01,BA,23,1,41,30,75
1963/06/08,BA,7,36,38,88,68
1963/06/15,BA,14,74,84,33,83
1963/06/22,BA,51,84,48,9,11
1963/07/01,BA,41,49,28,3,25
1963/07/06,BA,2,33,41,70,14
1963/07/13,BA,36,11,29,44,65
1963/07/20,BA,68,23,88,6,2
1963/07/27,BA,15,4,11,36,43
1963/08/03,BA,30,62,57,36,66
1963/08/10,BA,20,24,49,43,11
1963/08/17,BA,35,47,38,22,21
1963/08/24,BA,88,70,19,26,66
1963/08/31,BA,59,76,39,63,11
1963/09/07,BA,51,53,26,59,41
1963/09/14,BA,48,52,62,56,73
1963/09/21,BA,46,12,15,75,25
1963/09/28,BA,18,47,15,85,27
1963/10/05,BA,22,65,29,20,10
1963/10/12,BA,11,69,36,18,57
1963/10/19,BA,80,39,8,45,83
1963/10/26,BA,29,43,83,25,63
1963/11/02,BA,53,54,26,86,76
1963/11/09,BA,77,63,4,88,48
1963/11/16,BA,78,40,82,57,26
1963/11/23,BA,64,73,61,59,42
1963/11/30,BA,74,57,90,9,63
1963/12/07,BA,80,5,72,49,36
1963/12/14,BA,9,23,11,42,22
1963/12/21,BA,69,15,62,49,5
1963/12/28,BA,89,49,47,74,37
1964/01/04,BA,24,26,8,88,66
1964/01/11,BA,78,27,59,80,28
1964/01/18,BA,4,64,53,65,15
1964/01/25,BA,52,33,50,49,32
1964/02/01,BA,1,22,21,19,80
1964/02/08,BA,42,1,55,25,35
1964/02/15,BA,71,33,49,50,51
1964/02/22,BA,38,61,41,18,50
1964/02/29,BA,68,29,88,35,75
1964/03/07,BA,20,48,13,43,52
1964/03/14,BA,1,31,74,58,42
1964/03/21,BA,58,60,3,28,17
1964/03/28,BA,78,9,55,25,15
1964/04/07,BA,77,36,13,81,64
1964/04/11,BA,84,66,80,75,63
1964/04/18,BA,23,28,74,66,3
1964/04/27,BA,77,15,31,41,71
1964/05/04,BA,45,8,66,15,41
1964/05/09,BA,74,80,58,46,37
1964/05/16,BA,68,87,2,45,6
1964/05/23,BA,90,30,36,87,89
1964/05/30,BA,84,20,73,69,53
1964/06/06,BA,60,28,43,12,69
1964/06/13,BA,46,20,6,60,30
1964/06/20,BA,48,39,45,29,61
1964/06/27,BA,7,23,40,24,30
1964/07/04,BA,38,50,56,68,80
1964/07/11,BA,34,54,64,22,8
1964/07/18,BA,1,39,63,4,79
1964/07/25,BA,66,88,2,72,29
1964/08/01,BA,73,69,21,9,54
1964/08/08,BA,31,44,77,70,60
1964/08/17,BA,74,37,78,46,33
1964/08/22,BA,72,88,66,5,75
1964/08/29,BA,55,71,46,58,83
1964/09/05,BA,74,26,2,33,71
1964/09/12,BA,13,48,70,77,22
1964/09/19,BA,48,55,8,72,2
1964/09/26,BA,87,62,32,36,9
1964/10/03,BA,41,18,19,15,1
1964/10/10,BA,23,31,43,37,55
1964/10/17,BA,86,89,90,59,22
1964/10/24,BA,58,89,34,46,35
1964/10/31,BA,18,75,86,47,77
1964/11/07,BA,65,58,15,24,45
1964/11/14,BA,14,9,59,73,55
1964/11/21,BA,16,47,46,8,41
1964/11/28,BA,89,26,23,3,85
1964/12/05,BA,22,62,47,77,71
1964/12/12,BA,64,81,90,23,83
1964/12/19,BA,20,70,3,19,58
1964/12/28,BA,62,48,19,14,52
1965/01/02,BA,18,14,60,44,15
1965/01/09,BA,32,2,28,14,51
1965/01/16,BA,36,64,76,44,2
1965/01/23,BA,31,24,75,73,19
1965/01/30,BA,23,18,27,89,52
1965/02/06,BA,7,75,2,86,69
1965/02/13,BA,88,73,47,10,28
1965/02/20,BA,90,9,47,33,23
1965/02/27,BA,88,64,51,65,15
1965/03/06,BA,12,75,18,54,32
1965/03/13,BA,7,25,82,66,57
1965/03/20,BA,12,88,30,66,65
1965/03/27,BA,78,66,55,25,16
1965/04/03,BA,41,75,61,9,72
1965/04/10,BA,54,58,14,48,62
1965/04/17,BA,18,50,31,30,88
1965/04/24,BA,58,73,90,53,84
1965/04/30,BA,59,53,49,19,77
1965/05/08,BA,6,28,81,13,21
1965/05/15,BA,80,5,48,63,84
1965/05/22,BA,2,31,42,59,30
1965/05/29,BA,63,41,48,73,68
1965/06/05,BA,56,67,62,2,72
1965/06/12,BA,57,21,2,85,11
1965/06/19,BA,50,16,25,18,47
1965/06/26,BA,68,40,39,51,35
1965/07/03,BA,37,34,64,17,78
1965/07/10,BA,19,55,39,35,67
1965/07/17,BA,36,2,32,70,84
1965/07/24,BA,39,57,71,33,20
1965/07/31,BA,45,75,25,38,43
1965/08/07,BA,70,85,78,7,42
1965/08/14,BA,65,37,72,67,24
1965/08/21,BA,61,41,80,57,68
1965/08/28,BA,79,4,38,74,67
1965/09/04,BA,44,7,46,39,79
1965/09/11,BA,33,18,72,40,21
1965/09/18,BA,54,13,17,11,66
1965/09/25,BA,52,5,50,79,16
1965/10/02,BA,47,83,34,56,25
1965/10/09,BA,29,82,62,73,3
1965/10/16,BA,80,69,14,39,57
1965/10/23,BA,9,8,64,20,48
1965/10/30,BA,18,25,72,58,52
1965/11/06,BA,63,65,40,17,22
1965/11/13,BA,19,76,85,49,64
1965/11/20,BA,55,27,9,75,4
1965/11/27,BA,58,53,13,57,70
1965/12/04,BA,47,82,55,19,62
1965/12/11,BA,78,48,60,5,4
1965/12/18,BA,33,12,27,3,35
1965/12/24,BA,41,71,72,45,44
1966/01/03,BA,6,1,20,25,44
1966/01/08,BA,41,53,39,64,75
1966/01/15,BA,21,34,24,74,82
1966/01/22,BA,12,8,17,35,72
1966/01/29,BA,26,31,24,61,12
1966/02/05,BA,11,55,68,18,66
1966/02/12,BA,31,1,52,79,16
1966/02/19,BA,8,14,4,22,59
1966/02/26,BA,34,67,33,27,87
1966/03/05,BA,7,27,37,79,18
1966/03/12,BA,15,35,10,26,32
1966/03/19,BA,52,16,55,71,14
1966/03/26,BA,62,53,13,6,84
1966/04/02,BA,18,9,40,31,24
1966/04/09,BA,65,43,42,41,73
1966/04/16,BA,44,74,68,71,36
1966/04/23,BA,2,61,17,68,89
1966/04/30,BA,34,23,44,29,77
1966/05/07,BA,48,22,56,14,54
1966/05/14,BA,25,71,61,10,4
1966/05/21,BA,75,55,4,73,6
1966/05/28,BA,69,33,12,61,59
1966/06/04,BA,52,89,18,77,13
1966/06/11,BA,75,52,7,79,15
1966/06/18,BA,48,71,80,22,4
1966/06/25,BA,67,59,41,12,29
1966/07/02,BA,36,44,25,35,16
1966/07/09,BA,85,12,42,46,17
1966/07/16,BA,40,87,41,2,61
1966/07/23,BA,61,12,58,71,56
1966/07/30,BA,88,63,10,55,30
1966/08/06,BA,9,40,75,8,38
1966/08/13,BA,71,55,39,61,4
1966/08/20,BA,58,38,32,9,20
1966/08/27,BA,62,84,42,90,4
1966/09/03,BA,63,54,73,56,39
1966/09/10,BA,65,82,26,36,76
1966/09/17,BA,27,62,37,85,89
1966/09/24,BA,57,4,16,66,17
1966/10/01,BA,69,30,60,66,85
1966/10/08,BA,69,85,53,78,60
1966/10/15,BA,29,53,80,56,77
1966/10/22,BA,7,76,44,71,46
1966/10/29,BA,58,28,77,23,73
1966/11/05,BA,12,60,78,89,30
1966/11/12,BA,75,26,73,65,21
1966/11/19,BA,22,63,80,18,20
1966/11/26,BA,30,5,87,4,89
1966/12/03,BA,22,18,51,5,32
1966/12/10,BA,45,49,40,54,55
1966/12/17,BA,13,34,29,81,23
1966/12/24,BA,38,60,77,83,14
1966/12/31,BA,25,45,16,27,14
1967/01/07,BA,79,75,2,32,17
1967/01/14,BA,48,39,37,35,18
1967/01/21,BA,56,78,22,86,41
1967/01/28,BA,78,33,45,24,80
1967/02/04,BA,45,68,42,75,14
1967/02/11,BA,44,54,3,19,59
1967/02/18,BA,2,72,90,30,11
1967/02/25,BA,76,88,79,31,58
1967/03/04,BA,8,58,22,7,47
1967/03/11,BA,70,29,7,56,63
1967/03/18,BA,16,48,88,61,66
1967/03/25,BA,18,32,9,40,79
1967/04/01,BA,54,4,18,72,8
1967/04/08,BA,52,35,3,73,31
1967/04/15,BA,76,49,60,1,25
1967/04/22,BA,23,56,63,55,2
1967/04/29,BA,53,40,65,39,14
1967/05/06,BA,3,73,47,57,29
1967/05/13,BA,28,3,76,61,62
1967/05/20,BA,62,77,84,32,42
1967/05/27,BA,89,72,35,73,87
1967/06/03,BA,81,32,61,25,7
1967/06/10,BA,68,29,60,76,6
1967/06/17,BA,37,3,10,88,2
1967/06/24,BA,40,87,69,23,13
1967/07/01,BA,39,3,45,72,74
1967/07/08,BA,16,74,62,3,39
1967/07/15,BA,66,38,55,87,70
1967/07/22,BA,72,43,54,51,77
1967/07/29,BA,3,24,61,49,12
1967/08/05,BA,23,11,2,29,88
1967/08/12,BA,25,44,13,16,47
1967/08/19,BA,56,84,51,59,16
1967/08/26,BA,84,39,78,7,22
1967/09/02,BA,18,11,17,68,39
1967/09/09,BA,79,20,81,7,64
1967/09/16,BA,45,60,8,88,33
1967/09/23,BA,87,1,60,82,51
1967/09/30,BA,84,76,19,10,22
1967/10/07,BA,70,14,35,7,68
1967/10/16,BA,60,84,44,35,7
1967/10/21,BA,59,30,3,68,81
1967/10/27,BA,78,89,90,2,61
1967/11/06,BA,74,16,42,47,36
1967/11/11,BA,4,36,5,16,55
1967/11/18,BA,80,59,44,90,72
1967/11/25,BA,26,68,3,34,86
1967/12/02,BA,84,58,9,10,78
1967/12/09,BA,65,38,17,35,75
1967/12/16,BA,73,61,13,72,42
1967/12/23,BA,29,53,14,63,40
1967/12/30,BA,64,3,55,22,70
1968/01/05,BA,39,51,55,23,56
1968/01/13,BA,21,41,49,1,25
1968/01/20,BA,73,50,90,77,29
1968/01/27,BA,77,42,74,7,47
1968/02/03,BA,74,11,55,3,5
1968/02/10,BA,25,90,27,46,60
1968/02/17,BA,24,61,36,8,55
1968/02/24,BA,39,62,40,24,72
1968/03/02,BA,74,34,67,39,69
1968/03/09,BA,36,61,79,45,56
1968/03/16,BA,36,50,29,88,57
1968/03/23,BA,22,78,3,19,27
1968/03/30,BA,80,35,9,88,28
1968/04/06,BA,70,21,57,38,75
1968/04/13,BA,90,78,51,15,39
1968/04/20,BA,34,2,62,28,9
1968/04/27,BA,42,56,26,73,55
1968/05/04,BA,61,44,47,52,53
1968/05/11,BA,51,38,52,10,47
1968/05/18,BA,14,4,28,27,63
1968/05/25,BA,1,58,41,59,79
1968/06/01,BA,25,68,90,38,6
1968/06/08,BA,32,12,87,43,48
1968/06/15,BA,39,41,2,86,31
1968/06/22,BA,36,13,52,27,17
1968/06/28,BA,50,85,12,83,90
1968/07/06,BA,78,17,36,44,59
1968/07/13,BA,74,43,11,32,84
1968/07/20,BA,80,17,52,16,7
1968/07/27,BA,18,86,1,75,56
1968/08/03,BA,67,82,50,37,62
1968/08/10,BA,87,45,29,80,85
1968/08/17,BA,34,44,59,47,69
1968/08/24,BA,79,87,10,82,12
1968/08/31,BA,76,20,55,44,48
1968/09/07,BA,51,79,15,50,41
1968/09/14,BA,18,67,53,90,1
1968/09/21,BA,20,37,75,4,56
1968/09/28,BA,51,26,60,66,30
1968/10/05,BA,28,8,5,15,56
1968/10/12,BA,57,3,81,13,30
1968/10/19,BA,48,71,78,88,49
1968/10/26,BA,86,50,58,71,68
1968/11/02,BA,33,45,15,27,84
1968/11/09,BA,90,32,68,37,27
1968/11/16,BA,87,79,59,28,6
1968/11/23,BA,83,63,87,72,69
1968/11/30,BA,11,30,20,44,24
1968/12/07,BA,10,17,70,75,38
1968/12/14,BA,75,86,88,68,24
1968/12/21,BA,86,17,74,45,46
1968/12/28,BA,48,89,32,28,36
1969/01/04,BA,4,2,37,83,64
1969/01/11,BA,37,53,21,24,4
1969/01/18,BA,54,51,78,56,48
1969/01/25,BA,77,51,37,41,85
1969/02/01,BA,76,10,45,24,62
1969/02/08,BA,25,86,88,19,83
1969/02/15,BA,20,27,56,69,37
1969/02/22,BA,14,6,11,2,35
1969/03/01,BA,54,75,70,8,80
1969/03/08,BA,39,51,75,90,31
1969/03/15,BA,4,5,38,12,39
1969/03/22,BA,2,82,44,38,37
1969/03/29,BA,65,90,57,74,22
1969/04/05,BA,36,47,27,51,82
1969/04/12,BA,27,79,38,36,57
1969/04/19,BA,82,26,88,51,4
1969/04/26,BA,47,26,45,44,54
1969/05/03,BA,10,36,37,75,28
1969/05/10,BA,83,60,71,54,62
1969/05/17,BA,56,74,79,15,86
1969/05/24,BA,1,69,27,74,18
1969/05/31,BA,1,80,77,48,27
1969/06/07,BA,53,58,40,60,20
1969/06/14,BA,34,10,45,39,31
1969/06/21,BA,62,13,52,65,45
1969/06/28,BA,24,15,56,40,63
1969/07/05,BA,69,47,67,50,81
1969/07/12,BA,40,22,69,10,72
1969/07/19,BA,87,7,32,56,40
1969/07/26,BA,30,70,22,39,85
1969/08/02,BA,55,87,9,30,50
1969/08/09,BA,63,79,2,42,6
1969/08/16,BA,24,60,82,32,73
1969/08/23,BA,84,28,66,85,82
1969/08/30,BA,14,87,49,39,22
1969/09/06,BA,48,49,88,83,20
1969/09/13,BA,78,28,26,49,84
1969/09/20,BA,57,42,8,54,33
1969/09/27,BA,38,6,72,30,21
1969/10/04,BA,34,60,43,12,3
1969/10/11,BA,26,56,71,67,79
1969/10/18,BA,80,53,14,16,89
1969/10/25,BA,69,68,77,81,41
1969/10/31,BA,76,87,68,28,72
1969/11/08,BA,32,59,44,75,86
1969/11/15,BA,56,25,37,30,4
1969/11/22,BA,54,71,40,72,24
1969/11/29,BA,42,83,78,17,63
1969/12/06,BA,49,5,8,17,29
1969/12/13,BA,32,40,81,51,7
1969/12/20,BA,10,87,81,66,14
1969/12/27,BA,53,24,76,51,10
1970/01/03,BA,34,28,77,38,49
1970/01/10,BA,46,11,32,24,18
1970/01/17,BA,29,86,37,34,88
1970/01/24,BA,75,80,18,53,13
1970/01/31,BA,32,56,69,36,64
1970/02/07,BA,9,68,29,5,7
1970/02/14,BA,83,59,63,55,41
1970/02/21,BA,30,44,71,84,66
1970/02/28,BA,27,56,47,22,52
1970/03/07,BA,54,25,51,24,31
1970/03/14,BA,38,21,73,23,66
1970/03/21,BA,9,69,26,24,73
1970/03/28,BA,49,5,43,65,66
1970/04/04,BA,5,66,70,52,14
1970/04/11,BA,42,79,82,89,9
1970/04/18,BA,90,19,49,69,82
1970/04/25,BA,79,80,9,89,24
1970/05/02,BA,39,81,70,72,59
1970/05/09,BA,31,88,26,72,21
1970/05/16,BA,50,67,14,75,85
1970/05/23,BA,1,11,52,77,70
1970/05/30,BA,70,47,64,12,45
1970/06/06,BA,77,37,78,36,81
1970/06/13,BA,29,50,32,22,58
1970/06/20,BA,42,48,83,70,16
1970/06/27,BA,21,19,38,26,35
1970/07/04,BA,25,49,34,85,21
1970/07/11,BA,90,49,53,1,34
1970/07/18,BA,50,64,2,59,81
1970/07/25,BA,41,74,75,50,11
1970/08/01,BA,79,70,17,16,32
1970/08/08,BA,25,87,23,84,56
1970/08/15,BA,45,75,85,63,43
1970/08/22,BA,22,2,41,10,50
1970/08/29,BA,17,37,34,42,58
1970/09/05,BA,1,85,22,15,20
1970/09/12,BA,66,15,21,20,29
1970/09/19,BA,32,79,67,6,62
1970/09/26,BA,60,1,33,61,49
1970/10/03,BA,21,67,77,40,33
1970/10/10,BA,67,30,10,13,16
1970/10/17,BA,45,27,57,46,36
1970/10/24,BA,26,54,11,20,35
1970/10/31,BA,81,28,83,53,30
1970/11/07,BA,14,8,64,55,3
1970/11/14,BA,68,38,41,62,21
1970/11/21,BA,66,71,43,3,46
1970/11/28,BA,35,55,22,60,27
1970/12/05,BA,42,49,23,73,13
1970/12/12,BA,84,6,14,81,60
1970/12/19,BA,84,50,70,55,79
1970/12/28,BA,5,24,72,88,83
1971/01/02,BA,11,30,53,55,51
1971/01/09,BA,88,9,85,50,11
1971/01/16,BA,52,80,15,71,51
1971/01/23,BA,39,16,56,44,83
1971/01/30,BA,4,63,28,7,74
1971/02/06,BA,45,44,33,59,6
1971/02/13,BA,66,13,56,64,80
1971/02/20,BA,15,34,33,43,73
1971/02/27,BA,24,76,78,31,54
1971/03/06,BA,76,81,8,5,56
1971/03/13,BA,84,73,70,25,75
1971/03/20,BA,83,18,4,43,24
1971/03/27,BA,57,8,81,70,10
1971/04/03,BA,66,24,61,72,12
1971/04/10,BA,13,6,26,84,48
1971/04/17,BA,12,57,89,71,59
1971/04/24,BA,65,38,37,8,74
1971/05/01,BA,28,11,56,86,4
1971/05/08,BA,66,9,23,88,45
1971/05/15,BA,67,60,2,88,9
1971/05/22,BA,46,75,74,76,45
1971/05/29,BA,80,14,69,29,1
1971/06/05,BA,22,40,55,14,65
1971/06/12,BA,78,89,70,68,34
1971/06/19,BA,3,63,70,21,76
1971/06/26,BA,39,85,71,40,68
1971/07/03,BA,86,87,72,63,89
1971/07/10,BA,83,1,56,23,65
1971/07/17,BA,42,15,47,60,49
1971/07/24,BA,15,30,69,40,66
1971/07/31,BA,87,70,12,42,29
1971/08/07,BA,34,70,72,43,19
1971/08/14,BA,84,72,45,77,59
1971/08/21,BA,62,77,32,26,63
1971/08/28,BA,40,89,68,41,74
1971/09/04,BA,14,70,74,50,90
1971/09/11,BA,5,82,18,76,19
1971/09/18,BA,30,15,40,12,83
1971/09/25,BA,27,2,62,78,69
1971/10/02,BA,28,21,85,61,58
1971/10/09,BA,28,13,84,24,3
1971/10/16,BA,21,17,42,29,51
1971/10/23,BA,74,71,11,36,8
1971/10/30,BA,87,3,56,79,7
1971/11/06,BA,88,3,67,30,22
1971/11/13,BA,90,57,31,22,9
1971/11/20,BA,75,55,82,70,13
1971/11/27,BA,58,13,3,35,53
1971/12/04,BA,32,61,24,16,85
1971/12/11,BA,32,23,42,90,9
1971/12/18,BA,45,57,88,40,70
1971/12/25,BA,84,44,47,54,62
1972/01/01,BA,30,43,53,71,61
1972/01/08,BA,28,75,17,79,20
1972/01/15,BA,78,45,10,46,11
1972/01/22,BA,19,56,57,61,60
1972/01/29,BA,15,48,81,7,90
1972/02/05,BA,78,46,40,3,13
1972/02/12,BA,36,22,66,49,44
1972/02/19,BA,27,10,9,33,89
1972/02/26,BA,88,6,78,89,70
1972/03/04,BA,72,71,55,7,53
1972/03/11,BA,42,49,77,1,89
1972/03/18,BA,35,23,53,15,78
1972/03/25,BA,36,85,24,34,53
1972/04/01,BA,82,39,35,80,66
1972/04/08,BA,36,9,34,79,90
1972/04/15,BA,61,81,34,7,20
1972/04/22,BA,18,23,4,32,14
1972/04/29,BA,2,27,28,61,40
1972/05/06,BA,47,61,43,3,11
1972/05/13,BA,7,66,46,63,26
1972/05/20,BA,1,34,80,84,73
1972/05/27,BA,67,47,65,22,63
1972/06/03,BA,57,39,83,40,43
1972/06/10,BA,1,65,47,74,20
1972/06/17,BA,71,42,20,55,57
1972/06/24,BA,46,18,32,86,82
1972/07/01,BA,85,42,83,38,21
1972/07/08,BA,50,52,80,26,74
1972/07/15,BA,65,47,48,20,51
1972/07/22,BA,6,10,4,71,16
1972/07/29,BA,19,10,63,56,89
1972/08/05,BA,40,23,51,13,59
1972/08/12,BA,71,13,31,41,32
1972/08/19,BA,75,71,70,68,62
1972/08/26,BA,83,7,70,22,36
1972/09/02,BA,79,70,4,50,78
1972/09/09,BA,4,89,9,8,44
1972/09/16,BA,90,85,1,88,17
1972/09/23,BA,52,40,5,53,23
1972/09/30,BA,7,27,9,23,73
1972/10/07,BA,71,2,7,39,79
1972/10/14,BA,64,42,75,32,49
1972/10/21,BA,83,69,32,40,12
1972/10/28,BA,13,25,60,30,27
1972/11/04,BA,89,41,68,52,21
1972/11/11,BA,82,34,54,74,19
1972/11/18,BA,3,9,65,54,47
1972/11/25,BA,87,66,14,44,64
1972/12/02,BA,45,75,37,73,84
1972/12/09,BA,14,26,78,22,9
1972/12/16,BA,21,88,75,46,65
1972/12/23,BA,37,81,48,36,66
1972/12/30,BA,71,50,45,86,44
1973/01/06,BA,87,54,14,6,19
1973/01/13,BA,71,29,67,26,47
1973/01/20,BA,35,38,60,65,85
1973/01/27,BA,51,68,36,35,24
1973/02/03,BA,37,27,49,61,59
1973/02/10,BA,35,71,27,28,63
1973/02/17,BA,78,55,87,14,5
1973/02/24,BA,59,75,22,11,81
1973/03/03,BA,46,47,52,78,21
1973/03/10,BA,61,62,71,53,26
1973/03/17,BA,30,58,88,46,49
1973/03/24,BA,24,1,87,44,3
1973/03/31,BA,17,20,18,3,77
1973/04/07,BA,51,69,71,39,61
1973/04/14,BA,4,69,35,60,82
1973/04/21,BA,26,53,36,61,65
1973/04/28,BA,47,46,49,81,61
1973/05/05,BA,85,1,38,18,84
1973/05/12,BA,52,74,50,69,9
1973/05/19,BA,86,12,41,17,33
1973/05/26,BA,72,13,74,88,66
1973/06/02,BA,83,28,54,61,3
1973/06/09,BA,29,53,78,51,85
1973/06/16,BA,51,43,62,30,27
1973/06/23,BA,57,32,56,85,22
1973/06/30,BA,41,77,5,39,85
1973/07/07,BA,35,17,2,4,30
1973/07/14,BA,49,69,19,57,26
1973/07/21,BA,48,74,86,42,57
1973/07/28,BA,83,52,65,71,66
1973/08/04,BA,22,44,8,69,90
1973/08/11,BA,25,5,37,4,39
1973/08/18,BA,42,20,26,85,54
1973/08/25,BA,83,35,42,76,34
1973/09/01,BA,35,49,34,32,64
1973/09/08,BA,85,13,23,52,44
1973/09/15,BA,66,33,2,11,20
1973/09/22,BA,29,61,55,21,54
1973/09/29,BA,69,11,39,44,17
1973/10/06,BA,84,6,13,55,4
1973/10/13,BA,85,24,70,21,49
1973/10/20,BA,64,60,31,89,62
1973/10/27,BA,39,84,74,21,7
1973/11/03,BA,71,46,15,5,48
1973/11/10,BA,23,73,20,69,17
1973/11/17,BA,39,26,4,21,20
1973/11/24,BA,52,74,2,65,68
1973/12/01,BA,46,28,75,36,82
1973/12/08,BA,62,83,13,48,68
1973/12/15,BA,2,70,18,90,14
1973/12/22,BA,24,77,73,38,75
1973/12/29,BA,55,61,19,22,7
1974/01/05,BA,64,11,89,87,63
1974/01/12,BA,12,18,86,36,31
1974/01/19,BA,33,42,36,44,70
1974/01/26,BA,64,54,71,31,55
1974/02/02,BA,85,59,87,15,5
1974/02/09,BA,85,62,45,54,56
1974/02/16,BA,15,57,49,11,62
1974/02/23,BA,76,53,39,19,13
1974/03/02,BA,66,16,62,42,73
1974/03/09,BA,29,56,75,37,44
1974/03/16,BA,61,54,68,86,22
1974/03/23,BA,46,39,23,62,86
1974/03/30,BA,47,46,73,54,9
1974/04/06,BA,72,31,60,56,1
1974/04/13,BA,86,42,63,64,41
1974/04/20,BA,67,70,27,23,48
1974/04/27,BA,55,57,33,4,44
1974/05/04,BA,12,4,84,28,62
1974/05/11,BA,57,46,72,56,48
1974/05/18,BA,59,69,80,34,45
1974/05/25,BA,72,47,40,66,71
1974/06/01,BA,41,53,52,29,27
1974/06/08,BA,64,85,81,71,66
1974/06/15,BA,42,46,64,24,56
1974/06/22,BA,81,13,60,71,19
1974/06/29,BA,74,71,79,13,18
1974/07/06,BA,68,62,71,87,31
1974/07/13,BA,32,4,75,20,26
1974/07/20,BA,75,73,42,52,47
1974/07/27,BA,42,74,78,71,40
1974/08/03,BA,63,49,12,51,50
1974/08/10,BA,37,49,5,62,28
1974/08/17,BA,84,39,69,71,64
1974/08/24,BA,61,25,57,49,30
1974/08/31,BA,81,54,50,74,53
1974/09/07,BA,56,32,48,88,83
1974/09/14,BA,62,51,82,2,84
1974/09/21,BA,56,1,69,87,84
1974/09/28,BA,23,2,15,44,89
1974/10/05,BA,5,67,65,52,78
1974/10/12,BA,61,46,62,78,42
1974/10/19,BA,40,34,78,52,4
1974/10/26,BA,9,42,74,67,54
1974/11/02,BA,50,53,83,84,71
1974/11/09,BA,15,75,64,29,11
1974/11/16,BA,65,9,90,85,55
1974/11/23,BA,54,47,65,76,44
1974/11/30,BA,13,71,18,68,15
1974/12/07,BA,83,79,64,38,60
1974/12/14,BA,52,79,32,83,90
1974/12/21,BA,23,69,11,71,79
1974/12/28,BA,86,50,40,66,90
1975/01/04,BA,53,11,87,57,31
1975/01/11,BA,14,89,82,9,39
1975/01/18,BA,19,60,22,57,58
1975/01/25,BA,77,61,51,60,3
1975/02/01,BA,10,4,22,3,88
1975/02/08,BA,63,38,34,12,50
1975/02/15,BA,6,68,47,88,62
1975/02/22,BA,49,34,16,1,62
1975/03/01,BA,8,84,13,67,27
1975/03/08,BA,61,78,65,80,12
1975/03/15,BA,78,63,27,57,64
1975/03/22,BA,60,61,20,25,18
1975/03/29,BA,40,17,15,51,38
1975/04/05,BA,59,15,54,13,28
1975/04/12,BA,87,23,14,75,28
1975/04/19,BA,45,81,73,18,31
1975/04/26,BA,40,7,21,82,54
1975/05/03,BA,29,20,57,38,60
1975/05/10,BA,49,55,29,10,20
1975/05/17,BA,44,48,89,69,34
1975/05/24,BA,88,53,51,68,4
1975/05/31,BA,57,86,15,38,32
1975/06/07,BA,16,70,39,90,29
1975/06/14,BA,36,85,24,41,34
1975/06/21,BA,8,86,58,74,20
1975/06/28,BA,60,65,85,24,25
1975/07/05,BA,3,28,84,61,19
1975/07/12,BA,81,43,1,44,67
1975/07/19,BA,89,54,13,87,24
1975/07/26,BA,39,65,88,45,81
1975/08/02,BA,49,68,79,4,23
1975/08/09,BA,54,77,82,50,16
1975/08/16,BA,2,31,47,54,4
1975/08/23,BA,83,33,21,47,1
1975/08/30,BA,2,75,78,55,86
1975/09/06,BA,15,46,22,86,27
1975/09/13,BA,49,34,47,5,71
1975/09/20,BA,47,81,69,26,29
1975/09/27,BA,29,57,85,43,87
1975/10/04,BA,60,1,33,44,72
1975/10/11,BA,29,49,6,67,40
1975/10/18,BA,9,2,63,90,61
1975/10/25,BA,27,31,19,30,45
1975/11/01,BA,5,78,73,80,31
1975/11/08,BA,33,79,68,74,27
1975/11/15,BA,55,26,9,78,66
1975/11/22,BA,47,87,81,6,31
1975/11/29,BA,12,45,67,68,66
1975/12/06,BA,68,76,38,42,9
1975/12/13,BA,9,59,3,62,42
1975/12/20,BA,41,85,2,47,33
1975/12/27,BA,6,41,20,72,32
1976/01/03,BA,79,60,62,31,35
1976/01/10,BA,81,56,39,42,51
1976/01/17,BA,78,14,79,80,3
1976/01/24,BA,54,78,35,31,84
1976/01/31,BA,21,15,50,86,20
1976/02/07,BA,7,85,84,79,71
1976/02/14,BA,73,63,30,1,14
1976/02/21,BA,66,24,58,23,82
1976/02/28,BA,11,25,62,19,76
1976/03/06,BA,25,44,15,78,38
1976/03/13,BA,80,50,66,35,56
1976/03/20,BA,73,64,88,31,8
1976/03/27,BA,72,58,12,37,56
1976/04/03,BA,47,83,53,46,26
1976/04/10,BA,29,39,50,22,71
1976/04/17,BA,30,73,25,55,57
1976/04/24,BA,26,67,21,19,74
1976/05/01,BA,84,28,85,24,14
1976/05/08,BA,84,80,65,68,75
1976/05/15,BA,68,34,55,59,74
1976/05/22,BA,82,28,87,70,83
1976/05/29,BA,67,47,15,37,78
1976/06/05,BA,87,63,30,83,60
1976/06/12,BA,29,35,73,21,6
1976/06/19,BA,71,82,83,63,36
1976/06/26,BA,15,70,55,75,24
1976/07/03,BA,67,3,33,37,23
1976/07/10,BA,4,84,74,78,18
1976/07/17,BA,41,44,81,10,66
1976/07/24,BA,10,58,67,68,40
1976/07/31,BA,43,49,50,78,36
1976/08/07,BA,48,36,33,77,87
1976/08/14,BA,74,16,82,15,77
1976/08/21,BA,58,69,81,73,56
1976/08/28,BA,54,18,6,25,80
1976/09/04,BA,1,12,41,16,69
1976/09/11,BA,52,61,31,10,85
1976/09/18,BA,80,28,13,84,77
1976/09/25,BA,87,48,89,31,68
1976/10/02,BA,56,12,58,29,79
1976/10/09,BA,29,25,89,62,50
1976/10/16,BA,54,69,24,59,14
1976/10/23,BA,26,53,37,51,41
1976/10/30,BA,31,11,68,2,10
1976/11/06,BA,21,53,20,31,36
1976/11/13,BA,5,37,53,55,41
1976/11/20,BA,14,10,16,83,27
1976/11/27,BA,40,21,18,46,89
1976/12/04,BA,17,16,78,55,45
1976/12/11,BA,2,46,51,77,78
1976/12/18,BA,1,12,69,48,33
1976/12/25,BA,85,23,80,26,1
1977/01/01,BA,70,51,50,19,42
1977/01/08,BA,49,70,10,80,61
1977/01/15,BA,51,4,79,38,48
1977/01/22,BA,45,18,38,46,78
1977/01/29,BA,74,54,68,18,47
1977/02/05,BA,86,51,30,17,16
1977/02/12,BA,12,18,44,78,17
1977/02/19,BA,79,48,14,67,36
1977/02/26,BA,13,24,90,74,36
1977/03/05,BA,61,81,51,23,28
1977/03/12,BA,9,78,69,17,13
1977/03/19,BA,31,84,18,37,79
1977/03/26,BA,83,46,59,34,23
1977/04/02,BA,80,52,7,67,85
1977/04/09,BA,29,73,49,17,80
1977/04/16,BA,64,22,46,57,26
1977/04/23,BA,76,37,19,71,5
1977/04/30,BA,48,20,77,87,52
1977/05/07,BA,87,19,49,82,11
1977/05/14,BA,88,77,17,90,84
1977/05/21,BA,45,83,72,52,75
1977/05/28,BA,54,79,33,7,76
1977/06/04,BA,17,82,15,49,86
1977/06/11,BA,36,12,62,31,7
1977/06/18,BA,34,67,6,50,17
1977/06/25,BA,73,59,65,58,84
1977/07/02,BA,24,47,82,68,19
1977/07/09,BA,7,84,8,63,10
1977/07/16,BA,6,26,18,67,40
1977/07/23,BA,10,1,50,57,70
1977/07/30,BA,67,86,88,14,69
1977/08/06,BA,36,5,65,75,61
1977/08/13,BA,15,23,87,40,85
1977/08/20,BA,64,56,52,63,7
1977/08/27,BA,52,81,24,22,36
1977/09/03,BA,62,74,54,68,30
1977/09/10,BA,1,10,18,38,26
1977/09/17,BA,26,44,78,19,13
1977/09/24,BA,65,85,45,86,88
1977/10/01,BA,28,19,40,26,89
1977/10/08,BA,64,85,87,72,15
1977/10/15,BA,68,55,49,73,22
1977/10/22,BA,8,1,74,87,22
1977/10/29,BA,71,64,2,77,19
1977/11/05,BA,74,43,90,87,5
1977/11/12,BA,53,31,38,61,2
1977/11/19,BA,68,71,60,58,56
1977/11/26,BA,74,68,47,81,50
1977/12/03,BA,2,77,11,74,28
1977/12/10,BA,63,43,27,78,15
1977/12/17,BA,79,16,62,5,31
1977/12/24,BA,9,61,22,35,50
1977/12/31,BA,16,46,65,89,61
1978/01/07,BA,19,11,4,2,28
1978/01/14,BA,67,21,29,83,23
1978/01/21,BA,46,23,89,8,12
1978/01/28,BA,76,37,35,34,71
1978/02/04,BA,30,89,26,74,75
1978/02/11,BA,46,48,77,83,14
1978/02/18,BA,30,82,50,32,43
1978/02/25,BA,88,42,89,64,35
1978/03/04,BA,78,19,2,83,49
1978/03/11,BA,34,75,88,11,26
1978/03/18,BA,88,78,82,73,90
1978/03/25,BA,7,57,87,24,41
1978/04/01,BA,78,11,42,50,48
1978/04/08,BA,39,51,34,23,47
1978/04/15,BA,88,25,40,5,12
1978/04/22,BA,70,11,68,44,7
1978/04/29,BA,71,62,19,61,66
1978/05/06,BA,30,45,1,29,13
1978/05/13,BA,29,49,21,67,10
1978/05/20,BA,60,64,45,46,56
1978/05/27,BA,56,13,59,82,84
1978/06/03,BA,11,69,72,70,78
1978/06/10,BA,48,50,29,61,68
1978/06/17,BA,35,33,72,38,45
1978/06/24,BA,43,61,19,34,1
1978/07/01,BA,67,34,60,18,57
1978/07/08,BA,79,58,27,63,35
1978/07/15,BA,45,40,48,83,16
1978/07/22,BA,11,42,30,51,3
1978/07/29,BA,11,33,24,36,40
1978/08/05,BA,21,42,89,1,75
1978/08/12,BA,34,36,19,75,14
1978/08/19,BA,17,88,36,24,40
1978/08/26,BA,51,2,81,76,60
1978/09/02,BA,71,69,55,42,87
1978/09/09,BA,69,87,84,18,21
1978/09/16,BA,52,39,54,80,27
1978/09/23,BA,69,78,85,79,4
1978/09/30,BA,19,81,51,12,18
1978/10/07,BA,38,59,5,70,77
1978/10/14,BA,15,64,36,30,58
1978/10/21,BA,35,70,83,58,46
1978/10/28,BA,45,43,68,6,78
1978/11/04,BA,21,83,81,12,23
1978/11/11,BA,58,61,37,86,31
1978/11/18,BA,84,39,56,38,89
1978/11/25,BA,26,29,75,30,32
1978/12/02,BA,65,19,3,56,55
1978/12/09,BA,47,42,74,28,85
1978/12/16,BA,78,33,57,30,32
1978/12/23,BA,84,77,73,30,58
1978/12/30,BA,80,39,66,38,13
1979/01/06,BA,4,81,6,56,83
1979/01/13,BA,24,71,17,11,6
1979/01/20,BA,13,14,21,49,11
1979/01/27,BA,39,64,74,83,78
1979/02/03,BA,44,50,8,21,13
1979/02/10,BA,8,55,70,25,46
1979/02/17,BA,14,50,63,40,66
1979/02/24,BA,34,68,71,17,9
1979/03/03,BA,12,37,18,70,32
1979/03/10,BA,50,55,83,44,51
1979/03/17,BA,61,41,19,53,17
1979/03/24,BA,75,80,17,61,4
1979/03/31,BA,53,26,67,43,56
1979/04/07,BA,68,1,41,76,82
1979/04/14,BA,5,32,79,2,15
1979/04/21,BA,52,36,60,10,46
1979/04/28,BA,47,43,69,27,76
1979/05/05,BA,2,70,45,71,83
1979/05/12,BA,42,84,18,76,15
1979/05/19,BA,9,62,61,33,90
1979/05/26,BA,85,3,64,87,38
1979/06/02,BA,12,62,3,14,11
1979/06/09,BA,74,9,1,29,60
1979/06/16,BA,79,21,41,24,52
1979/06/23,BA,80,27,4,65,37
1979/06/30,BA,86,13,27,88,26
1979/07/07,BA,55,81,12,51,79
1979/07/14,BA,57,33,34,89,73
1979/07/21,BA,62,15,84,31,85
1979/07/28,BA,34,85,83,48,46
1979/08/04,BA,27,46,30,51,23
1979/08/11,BA,39,89,9,51,85
1979/08/18,BA,2,83,22,26,50
1979/08/25,BA,15,80,57,9,87
1979/09/01,BA,9,33,29,12,37
1979/09/08,BA,90,44,59,89,35
1979/09/15,BA,74,56,44,27,73
1979/09/22,BA,48,72,80,34,5
1979/09/29,BA,80,30,72,74,2
1979/10/06,BA,37,28,41,56,11
1979/10/13,BA,81,82,52,75,47
1979/10/20,BA,68,58,35,46,77
1979/10/27,BA,55,70,54,36,48
1979/11/03,BA,44,1,46,77,10
1979/11/10,BA,40,58,15,21,48
1979/11/17,BA,84,59,68,63,45
1979/11/24,BA,50,57,81,49,20
1979/12/01,BA,35,74,20,51,19
1979/12/08,BA,3,6,27,82,65
1979/12/15,BA,88,63,89,24,86
1979/12/22,BA,70,15,81,78,61
1979/12/29,BA,29,21,8,11,75
1980/01/05,BA,51,47,24,39,60
1980/01/12,BA,88,6,86,60,35
1980/01/19,BA,48,81,89,36,8
1980/01/26,BA,83,84,34,3,63
1980/02/02,BA,48,52,77,46,63
1980/02/09,BA,67,4,5,51,42
1980/02/16,BA,62,74,14,26,48
1980/02/23,BA,42,37,75,59,74
1980/03/01,BA,48,71,65,57,60
1980/03/08,BA,83,87,74,39,18
1980/03/15,BA,60,48,4,19,1
1980/03/22,BA,46,89,86,72,19
1980/03/29,BA,85,4,30,24,40
1980/04/05,BA,28,22,29,30,35
1980/04/12,BA,59,67,64,83,84
1980/04/19,BA,82,81,16,24,14
1980/04/26,BA,81,35,53,15,51
1980/05/03,BA,39,20,90,76,35
1980/05/10,BA,4,26,75,33,72
1980/05/17,BA,81,41,20,49,70
1980/05/24,BA,31,55,76,81,80
1980/05/31,BA,38,90,75,16,23
1980/06/07,BA,76,13,2,60,7
1980/06/14,BA,32,18,44,5,58
1980/06/21,BA,41,8,42,90,10
1980/06/28,BA,48,16,82,59,33
1980/07/05,BA,23,22,6,58,19
1980/07/12,BA,87,11,38,41,82
1980/07/19,BA,20,2,39,27,19
1980/07/26,BA,72,90,66,52,18
1980/08/02,BA,22,13,5,87,48
1980/08/09,BA,38,76,17,33,58
1980/08/16,BA,47,81,53,42,37
1980/08/23,BA,29,64,89,65,52
1980/08/30,BA,15,86,27,81,46
1980/09/06,BA,19,47,13,58,21
1980/09/13,BA,76,49,25,90,57
1980/09/20,BA,87,29,18,33,52
1980/09/27,BA,4,89,13,83,30
1980/10/04,BA,8,32,50,46,30
1980/10/11,BA,28,58,46,16,60
1980/10/18,BA,77,69,20,48,21
1980/10/25,BA,68,34,12,20,60
1980/11/01,BA,28,74,75,68,38
1980/11/08,BA,62,79,20,36,5
1980/11/15,BA,65,83,55,73,8
1980/11/22,BA,90,64,48,54,66
1980/11/29,BA,73,42,30,51,62
1980/12/06,BA,74,48,22,38,55
1980/12/13,BA,37,67,73,43,27
1980/12/20,BA,60,62,78,5,14
1980/12/27,BA,21,54,31,67,72
1981/01/03,BA,59,47,42,22,85
1981/01/10,BA,17,26,74,30,48
1981/01/17,BA,5,32,39,56,24
1981/01/24,BA,32,41,2,47,75
1981/01/31,BA,71,19,88,25,34
1981/02/07,BA,2,87,15,36,73
1981/02/14,BA,62,28,22,31,2
1981/02/21,BA,16,34,84,10,52
1981/02/28,BA,47,25,49,36,18
1981/03/07,BA,58,89,75,41,9
1981/03/14,BA,78,72,63,19,33
1981/03/21,BA,56,66,77,8,53
1981/03/28,BA,59,13,75,72,4
1981/04/04,BA,10,80,6,34,60
1981/04/11,BA,70,49,84,33,46
1981/04/18,BA,71,89,59,14,2
1981/04/25,BA,10,31,69,33,81
1981/05/02,BA,81,46,51,45,44
1981/05/09,BA,28,12,87,15,61
1981/05/16,BA,70,20,67,62,39
1981/05/23,BA,8,19,23,61,80
1981/05/30,BA,80,29,9,42,2
1981/06/06,BA,7,90,67,88,47
1981/06/13,BA,54,38,76,16,63
1981/06/20,BA,5,33,66,69,61
1981/06/27,BA,47,54,79,72,45
1981/07/04,BA,14,76,50,5,4
1981/07/11,BA,6,22,3,20,12
1981/07/18,BA,89,74,29,40,14
1981/07/25,BA,59,21,18,33,55
1981/08/01,BA,83,32,69,71,23
1981/08/08,BA,23,14,89,74,36
1981/08/15,BA,11,62,30,23,34
1981/08/22,BA,8,34,87,4,72
1981/08/29,BA,57,81,5,20,21
1981/09/05,BA,34,29,42,12,32
1981/09/12,BA,40,61,29,47,54
1981/09/19,BA,81,50,22,31,60
1981/09/26,BA,53,46,80,81,9
1981/10/03,BA,84,12,72,42,38
1981/10/10,BA,53,64,63,10,72
1981/10/17,BA,85,43,4,55,28
1981/10/24,BA,2,15,3,39,28
1981/10/31,BA,3,36,55,4,17
1981/11/07,BA,32,20,26,77,39
1981/11/14,BA,23,80,88,29,26
1981/11/21,BA,78,85,90,37,36
1981/11/28,BA,54,42,73,8,37
1981/12/05,BA,42,4,74,54,14
1981/12/12,BA,54,1,89,59,30
1981/12/19,BA,86,52,16,12,8
1981/12/26,BA,6,17,33,18,64
1982/01/02,BA,15,88,20,40,4
1982/01/09,BA,35,51,62,3,82
1982/01/16,BA,18,2,13,10,86
1982/01/23,BA,69,6,86,85,44
1982/01/30,BA,45,83,77,39,47
1982/02/06,BA,60,66,3,80,33
1982/02/13,BA,89,18,8,15,36
1982/02/20,BA,5,62,71,90,44
1982/02/27,BA,74,42,31,1,41
1982/03/06,BA,21,49,44,85,65
1982/03/13,BA,44,73,13,50,55
1982/03/20,BA,1,55,30,35,88
1982/03/27,BA,32,72,81,80,20
1982/04/03,BA,88,55,74,21,16
1982/04/10,BA,55,26,76,4,16
1982/04/17,BA,85,1,71,84,56
1982/04/24,BA,53,20,37,8,10
1982/05/01,BA,16,56,62,50,86
1982/05/08,BA,69,46,66,27,16
1982/05/15,BA,26,17,87,59,23
1982/05/22,BA,53,12,51,63,50
1982/05/29,BA,43,50,16,7,39
1982/06/05,BA,60,50,14,67,68
1982/06/12,BA,81,62,29,79,49
1982/06/19,BA,13,34,68,86,28
1982/06/26,BA,68,4,80,53,22
1982/07/03,BA,69,51,61,58,30
1982/07/10,BA,86,85,69,22,71
1982/07/17,BA,17,83,8,77,52
1982/07/24,BA,19,31,49,78,20
1982/07/31,BA,9,73,34,84,20
1982/08/07,BA,79,55,28,82,75
1982/08/14,BA,15,65,10,29,87
1982/08/21,BA,66,28,85,7,18
1982/08/28,BA,58,81,62,24,39
1982/09/04,BA,28,9,20,17,74
1982/09/11,BA,62,74,17,5,68
1982/09/18,BA,18,66,22,27,69
1982/09/25,BA,33,50,63,87,88
1982/10/02,BA,81,82,41,5,20
1982/10/09,BA,88,5,81,79,47
1982/10/16,BA,37,26,55,3,46
1982/10/23,BA,19,46,68,69,32
1982/10/30,BA,41,22,59,30,73
1982/11/06,BA,42,72,10,4,47
1982/11/13,BA,10,62,32,84,24
1982/11/20,BA,73,54,53,22,76
1982/11/27,BA,59,18,44,69,71
1982/12/04,BA,16,84,56,5,4
1982/12/11,BA,48,27,49,66,84
1982/12/18,BA,49,71,67,11,84
1982/12/25,BA,13,31,74,77,2
1983/01/01,BA,12,17,26,10,27
1983/01/08,BA,40,86,78,29,24
1983/01/15,BA,73,12,26,87,57
1983/01/22,BA,76,73,57,19,1
1983/01/29,BA,57,77,18,61,58
1983/02/05,BA,52,42,64,30,63
1983/02/12,BA,23,33,20,59,65
1983/02/19,BA,34,18,63,22,47
1983/02/26,BA,76,37,81,57,70
1983/03/05,BA,72,58,53,78,20
1983/03/12,BA,38,75,51,49,58
1983/03/19,BA,65,87,23,38,63
1983/03/26,BA,55,42,67,36,75
1983/04/02,BA,69,49,63,71,70
1983/04/09,BA,32,3,38,12,55
1983/04/16,BA,14,82,44,64,15
1983/04/23,BA,23,44,65,90,18
1983/04/30,BA,4,83,71,17,66
1983/05/07,BA,15,73,76,23,12
1983/05/14,BA,74,48,90,50,45
1983/05/21,BA,17,88,39,76,48
1983/05/28,BA,76,31,25,53,78
1983/06/04,BA,85,66,75,55,10
1983/06/11,BA,23,47,21,72,12
1983/06/18,BA,32,88,16,67,59
1983/06/25,BA,74,19,62,7,84
1983/07/02,BA,48,61,22,39,71
1983/07/09,BA,66,9,20,39,38
1983/07/16,BA,71,81,19,49,82
1983/07/23,BA,36,60,35,54,57
1983/07/30,BA,69,40,66,54,82
1983/08/06,BA,75,62,22,3,76
1983/08/13,BA,48,39,51,43,69
1983/08/20,BA,87,90,52,57,18
1983/08/27,BA,20,4,12,34,15
1983/09/03,BA,85,16,62,1,80
1983/09/10,BA,17,7,11,19,84
1983/09/17,BA,45,37,22,40,35
1983/09/24,BA,31,44,65,1,2
1983/10/01,BA,22,12,34,62,15
1983/10/08,BA,81,38,39,59,34
1983/10/15,BA,64,53,69,24,30
1983/10/22,BA,90,4,63,52,89
1983/10/29,BA,65,69,19,66,78
1983/11/05,BA,7,89,77,67,65
1983/11/12,BA,77,10,53,84,35
1983/11/19,BA,4,27,25,40,51
1983/11/26,BA,31,35,71,9,20
1983/12/03,BA,18,63,48,82,58
1983/12/10,BA,4,73,53,82,37
1983/12/17,BA,71,77,89,41,52
1983/12/24,BA,66,68,4,38,83
1983/12/31,BA,37,14,43,59,89
1984/01/07,BA,23,72,55,54,51
1984/01/14,BA,73,61,49,19,31
1984/01/21,BA,86,88,90,41,44
1984/01/28,BA,66,40,17,27,48
1984/02/04,BA,77,83,11,32,40
1984/02/11,BA,3,44,46,13,71
1984/02/18,BA,31,53,55,90,33
1984/02/25,BA,23,28,37,79,55
1984/03/03,BA,49,86,28,89,59
1984/03/10,BA,47,6,3,51,34
1984/03/17,BA,6,57,35,39,18
1984/03/24,BA,20,21,81,71,61
1984/03/31,BA,19,31,55,16,13
1984/04/07,BA,59,4,35,87,14
1984/04/14,BA,65,23,29,21,34
1984/04/21,BA,46,11,87,33,28
1984/04/28,BA,76,50,74,43,75
1984/05/05,BA,23,40,26,58,50
1984/05/12,BA,90,33,17,15,47
1984/05/19,BA,52,84,53,59,69
1984/05/26,BA,83,2,25,1,27
1984/06/02,BA,19,84,15,35,20
1984/06/09,BA,1,61,53,75,51
1984/06/16,BA,73,64,89,39,72
1984/06/23,BA,78,16,31,84,26
1984/06/30,BA,87,60,7,19,81
1984/07/07,BA,16,33,62,56,74
1984/07/14,BA,42,61,41,63,10
1984/07/21,BA,67,9,71,35,26
1984/07/28,BA,89,84,19,12,26
1984/08/04,BA,8,48,22,87,89
1984/08/11,BA,46,35,44,77,27
1984/08/18,BA,33,37,34,49,16
1984/08/25,BA,78,74,63,25,36
1984/09/01,BA,52,7,19,14,85
1984/09/08,BA,68,14,37,41,78
1984/09/15,BA,23,8,50,38,76
1984/09/22,BA,23,50,28,62,70
1984/09/29,BA,3,2,39,74,16
1984/10/06,BA,83,89,34,80,21
1984/10/13,BA,16,88,17,43,58
1984/10/20,BA,30,16,28,19,47
1984/10/27,BA,46,75,89,13,85
1984/11/03,BA,15,22,1,48,10
1984/11/10,BA,63,77,4,8,75
1984/11/17,BA,73,23,86,15,47
1984/11/24,BA,85,75,52,62,80
1984/12/01,BA,66,21,79,17,28
1984/12/08,BA,90,27,2,64,16
1984/12/15,BA,45,81,35,90,10
1984/12/22,BA,51,29,82,63,81
1984/12/29,BA,48,85,66,13,15
1985/01/05,BA,5,42,81,39,9
1985/01/12,BA,67,18,5,72,42
1985/01/19,BA,23,17,34,90,15
1985/01/26,BA,44,33,67,85,2
1985/02/02,BA,5,58,78,50,11
1985/02/09,BA,54,65,75,27,26
1985/02/16,BA,38,73,23,48,39
1985/02/23,BA,61,60,9,73,5
1985/03/02,BA,40,58,14,81,7
1985/03/09,BA,21,90,66,16,23
1985/03/16,BA,85,15,86,55,34
1985/03/23,BA,81,48,1,16,85
1985/03/30,BA,85,37,29,48,63
1985/04/06,BA,27,81,26,73,60
1985/04/13,BA,84,46,5,60,89
1985/04/20,BA,46,54,35,50,25
1985/04/27,BA,33,9,2,3,60
1985/05/04,BA,38,72,49,84,34
1985/05/11,BA,74,15,6,53,90
1985/05/18,BA,33,16,83,37,21
1985/05/25,BA,81,32,38,25,57
1985/06/01,BA,11,59,70,48,67
1985/06/08,BA,11,20,61,79,51
1985/06/15,BA,87,62,46,22,40
1985/06/22,BA,6,82,75,26,37
1985/06/29,BA,79,31,42,86,6
1985/07/06,BA,60,19,54,10,34
1985/07/13,BA,8,3,38,14,23
1985/07/20,BA,34,9,43,36,35
1985/07/27,BA,8,28,10,12,16
1985/08/03,BA,75,73,78,56,72
1985/08/10,BA,31,90,76,62,56
1985/08/17,BA,72,56,59,69,3
1985/08/24,BA,54,11,79,56,74
1985/08/31,BA,64,7,33,45,54
1985/09/07,BA,83,15,33,14,70
1985/09/14,BA,50,87,30,5,64
1985/09/21,BA,7,19,39,57,47
1985/09/28,BA,85,46,77,67,49
1985/10/05,BA,44,41,33,18,80
1985/10/12,BA,51,21,25,69,13
1985/10/19,BA,3,42,10,58,66
1985/10/26,BA,80,69,45,28,7
1985/11/02,BA,3,79,13,46,8
1985/11/09,BA,26,58,30,10,76
1985/11/16,BA,63,57,84,87,3
1985/11/23,BA,30,33,68,45,13
1985/11/30,BA,5,26,85,51,34
1985/12/07,BA,61,18,33,28,41
1985/12/14,BA,37,77,6,39,7
1985/12/21,BA,78,35,1,19,69
1985/12/28,BA,74,9,18,90,10
1986/01/04,BA,57,86,61,32,82
1986/01/11,BA,65,60,24,41,70
1986/01/18,BA,78,40,87,37,79
1986/01/25,BA,23,13,24,34,71
1986/02/01,BA,82,14,23,71,72
1986/02/08,BA,59,4,57,56,87
1986/02/15,BA,21,9,86,31,81
1986/02/22,BA,82,52,31,15,89
1986/03/01,BA,26,60,38,64,11
1986/03/08,BA,22,42,61,3,54
1986/03/15,BA,19,88,36,18,83
1986/03/22,BA,42,57,82,10,33
1986/03/29,BA,86,34,48,22,2
1986/04/05,BA,48,84,66,42,65
1986/04/12,BA,76,53,25,2,47
1986/04/19,BA,48,70,86,8,13
1986/04/26,BA,35,76,15,13,65
1986/05/03,BA,37,39,6,65,12
1986/05/10,BA,11,45,34,59,76
1986/05/17,BA,60,20,78,7,13
1986/05/24,BA,51,40,70,34,28
1986/05/31,BA,55,12,80,59,85
1986/06/07,BA,9,48,25,7,66
1986/06/14,BA,7,42,83,31,23
1986/06/21,BA,69,51,49,65,48
1986/06/28,BA,44,58,78,71,27
1986/07/05,BA,43,4,87,40,1
1986/07/12,BA,22,61,5,84,43
1986/07/19,BA,72,32,90,18,1
1986/07/26,BA,82,62,28,76,21
1986/08/02,BA,61,49,17,82,36
1986/08/09,BA,85,74,44,86,14
1986/08/16,BA,86,75,36,3,64
1986/08/23,BA,1,83,6,27,88
1986/08/30,BA,35,18,82,56,70
1986/09/06,BA,26,3,20,57,48
1986/09/13,BA,64,49,7,40,71
1986/09/20,BA,88,78,73,40,84
1986/09/27,BA,27,74,53,82,71
1986/10/04,BA,36,39,65,84,34
1986/10/11,BA,1,9,26,64,67
1986/10/18,BA,74,53,30,48,78
1986/10/25,BA,66,62,68,50,45
1986/11/01,BA,18,55,28,73,90
1986/11/08,BA,72,76,53,70,1
1986/11/15,BA,56,11,32,4,18
1986/11/22,BA,21,74,32,77,81
1986/11/29,BA,6,29,84,21,88
1986/12/06,BA,66,83,18,5,40
1986/12/13,BA,4,55,17,84,13
1986/12/20,BA,59,24,65,37,80
1986/12/27,BA,54,51,26,85,24
1987/01/03,BA,64,26,36,42,3
1987/01/10,BA,78,66,2,53,57
1987/01/17,BA,55,88,80,34,11
1987/01/24,BA,32,24,7,29,68
1987/01/31,BA,76,29,90,75,59
1987/02/07,BA,18,70,29,55,14
1987/02/14,BA,41,56,80,85,89
1987/02/21,BA,52,55,84,26,45
1987/02/28,BA,37,60,85,69,47
1987/03/07,BA,76,36,20,29,74
1987/03/14,BA,47,5,15,69,45
1987/03/21,BA,14,84,50,26,27
1987/03/28,BA,65,42,58,67,86
1987/04/04,BA,25,59,40,27,75
1987/04/11,BA,39,61,83,11,53
1987/04/18,BA,83,66,30,76,86
1987/04/25,BA,84,19,47,71,40
1987/05/02,BA,29,55,77,16,28
1987/05/09,BA,61,89,1,49,18
1987/05/16,BA,56,53,15,16,88
1987/05/23,BA,24,2,90,82,9
1987/05/30,BA,15,60,62,87,4
1987/06/06,BA,36,55,65,34,70
1987/06/13,BA,59,37,24,2,49
1987/06/20,BA,65,88,86,16,68
1987/06/27,BA,86,56,60,74,72
1987/07/04,BA,59,22,79,44,70
1987/07/11,BA,23,83,50,52,17
1987/07/18,BA,48,62,39,68,53
1987/07/25,BA,54,5,42,87,44
1987/08/01,BA,41,12,78,77,63
1987/08/08,BA,20,80,69,82,43
1987/08/15,BA,46,9,7,35,60
1987/08/22,BA,44,40,67,87,28
1987/08/29,BA,31,84,45,37,57
1987/09/05,BA,49,29,16,20,11
1987/09/12,BA,30,15,63,90,51
1987/09/19,BA,36,19,61,49,51
1987/09/26,BA,10,84,56,20,22
1987/10/03,BA,1,89,12,75,77
1987/10/10,BA,61,47,49,76,59
1987/10/17,BA,90,70,35,2,13
1987/10/24,BA,34,85,56,14,12
1987/10/31,BA,85,41,62,3,40
1987/11/07,BA,63,77,26,32,5
1987/11/14,BA,69,85,88,40,32
1987/11/21,BA,41,57,4,21,3
1987/11/28,BA,36,75,37,38,77
1987/12/05,BA,5,2,49,18,51
1987/12/12,BA,56,36,87,8,71
1987/12/19,BA,73,31,2,17,86
1987/12/26,BA,47,76,51,90,44
1988/01/02,BA,37,42,25,65,86
1988/01/09,BA,60,12,85,23,19
1988/01/16,BA,66,80,87,11,41
1988/01/23,BA,73,39,66,88,74
1988/01/30,BA,43,69,42,86,13
1988/02/06,BA,16,78,72,53,82
1988/02/13,BA,64,19,69,73,88
1988/02/20,BA,6,84,49,26,27
1988/02/27,BA,28,44,70,69,63
1988/03/05,BA,85,72,54,78,67
1988/03/12,BA,47,80,75,60,66
1988/03/19,BA,66,51,11,39,60
1988/03/26,BA,84,66,69,41,36
1988/04/02,BA,7,24,8,12,13
1988/04/09,BA,43,42,39,8,47
1988/04/16,BA,7,14,24,54,25
1988/04/23,BA,5,7,58,88,71
1988/04/30,BA,86,87,78,6,4
1988/05/07,BA,15,87,28,12,82
1988/05/14,BA,47,89,6,12,23
1988/05/21,BA,67,35,51,40,11
1988/05/28,BA,53,75,66,84,33
1988/06/04,BA,9,75,84,12,82
1988/06/11,BA,19,16,8,69,57
1988/06/18,BA,42,56,38,36,1
1988/06/25,BA,59,75,46,24,67
1988/07/02,BA,29,12,73,27,79
1988/07/09,BA,81,29,1,33,69
1988/07/16,BA,43,60,72,23,75
1988/07/23,BA,28,29,48,79,31
1988/07/30,BA,78,61,54,8,22
1988/08/06,BA,43,29,64,46,89
1988/08/13,BA,44,52,26,49,14
1988/08/20,BA,6,73,32,23,56
1988/08/27,BA,50,39,40,1,65
1988/09/03,BA,77,68,29,60,45
1988/09/10,BA,12,55,59,25,35
1988/09/17,BA,81,40,11,52,25
1988/09/24,BA,5,31,62,67,90
1988/10/01,BA,68,48,25,63,70
1988/10/08,BA,78,23,72,13,30
1988/10/15,BA,87,76,2,69,9
1988/10/22,BA,17,90,13,35,74
1988/10/29,BA,85,48,59,52,32
1988/11/05,BA,76,9,13,46,34
1988/11/12,BA,14,17,49,50,46
1988/11/19,BA,8,63,19,70,11
1988/11/26,BA,66,76,83,42,6
1988/12/03,BA,26,47,74,59,27
1988/12/10,BA,80,55,58,59,67
1988/12/17,BA,88,22,84,14,44
1988/12/24,BA,9,53,80,52,86
1988/12/31,BA,9,59,80,14,71
1989/01/07,BA,24,60,69,90,10
1989/01/14,BA,42,88,45,51,6
1989/01/21,BA,40,66,79,5,78
1989/01/28,BA,33,79,86,60,42
1989/02/04,BA,40,87,70,46,3
1989/02/11,BA,64,2,48,14,60
1989/02/18,BA,30,47,15,90,49
1989/02/25,BA,80,56,34,27,81
1989/03/04,BA,50,11,31,10,18
1989/03/11,BA,86,45,31,72,28
1989/03/18,BA,59,81,35,22,16
1989/03/25,BA,17,58,54,62,25
1989/04/01,BA,83,6,54,8,29
1989/04/08,BA,56,34,69,84,45
1989/04/15,BA,59,53,18,58,22
1989/04/22,BA,82,26,62,1,43
1989/04/29,BA,72,71,5,31,20
1989/05/06,BA,39,3,47,32,49
1989/05/13,BA,83,19,78,88,10
1989/05/20,BA,53,86,62,68,57
1989/05/27,BA,79,80,65,25,42
1989/06/03,BA,43,82,12,34,72
1989/06/10,BA,12,81,33,67,68
1989/06/17,BA,69,61,87,62,80
1989/06/24,BA,80,30,70,13,38
1989/07/01,BA,21,68,89,9,77
1989/07/08,BA,32,25,75,82,89
1989/07/15,BA,47,67,83,43,62
1989/07/22,BA,25,23,82,47,13
1989/07/29,BA,64,21,70,62,69
1989/08/05,BA,54,49,50,63,37
1989/08/12,BA,38,66,33,40,89
1989/08/19,BA,57,48,89,85,21
1989/08/26,BA,42,17,80,58,25
1989/09/02,BA,21,55,81,65,27
1989/09/09,BA,23,80,78,85,38
1989/09/16,BA,20,44,71,82,37
1989/09/23,BA,88,37,80,46,30
1989/09/30,BA,71,44,66,73,67
1989/10/07,BA,8,43,64,12,71
1989/10/14,BA,35,42,83,54,7
1989/10/21,BA,87,52,1,73,3
1989/10/28,BA,28,81,19,76,84
1989/11/04,BA,11,87,37,47,31
1989/11/11,BA,35,63,4,32,73
1989/11/18,BA,71,11,27,56,68
1989/11/25,BA,49,59,11,14,76
1989/12/02,BA,76,5,79,86,65
1989/12/09,BA,19,78,38,48,52
1989/12/16,BA,26,27,61,46,18
1989/12/23,BA,57,46,69,78,31
1989/12/30,BA,6,22,83,54,29
1990/01/08,BA,82,28,18,29,30
1990/01/13,BA,72,45,36,16,90
1990/01/20,BA,1,8,72,70,39
1990/01/27,BA,11,8,10,31,22
1990/02/03,BA,79,40,60,33,34
1990/02/10,BA,61,76,62,51,10
1990/02/17,BA,52,36,10,76,41
1990/02/24,BA,55,77,19,23,59
1990/03/03,BA,55,14,45,35,46
1990/03/10,BA,67,12,49,84,44
1990/03/17,BA,80,42,67,30,50
1990/03/24,BA,1,22,43,6,87
1990/03/31,BA,40,48,61,20,29
1990/04/07,BA,14,59,23,52,71
1990/04/14,BA,37,68,33,40,35
1990/04/21,BA,38,43,33,47,31
1990/04/28,BA,69,74,41,15,42
1990/05/05,BA,79,24,52,76,59
1990/05/12,BA,82,27,79,66,72
1990/05/19,BA,57,19,22,35,56
1990/05/26,BA,17,30,11,81,32
1990/06/02,BA,25,70,35,20,4
1990/06/09,BA,80,65,67,57,38
1990/06/16,BA,17,74,55,23,37
1990/06/23,BA,64,37,22,32,2
1990/06/30,BA,86,72,78,53,49
1990/07/07,BA,24,46,72,40,7
1990/07/14,BA,32,27,48,31,89
1990/07/21,BA,83,89,63,78,39
1990/07/28,BA,54,56,8,3,47
1990/08/04,BA,66,13,52,47,8
1990/08/11,BA,32,84,58,75,17
1990/08/18,BA,14,15,73,51,52
1990/08/25,BA,78,26,7,15,37
1990/09/01,BA,44,81,14,84,4
1990/09/08,BA,77,11,81,10,31
1990/09/15,BA,90,87,60,23,65
1990/09/22,BA,25,18,90,7,88
1990/09/29,BA,20,19,21,11,9
1990/10/06,BA,41,48,15,62,42
1990/10/13,BA,38,30,77,48,6
1990/10/20,BA,23,64,53,41,15
1990/10/27,BA,6,63,90,18,81
1990/11/03,BA,55,58,65,72,76
1990/11/10,BA,28,4,65,56,49
1990/11/17,BA,84,33,73,4,21
1990/11/24,BA,17,14,25,83,78
1990/12/01,BA,89,60,6,13,14
1990/12/10,BA,3,8,16,47,80
1990/12/15,BA,50,8,76,57,46
1990/12/22,BA,83,44,10,9,84
1990/12/29,BA,35,76,67,40,78
1991/01/05,BA,62,37,85,69,52
1991/01/12,BA,13,34,33,49,55
1991/01/19,BA,34,84,69,66,77
1991/01/26,BA,10,73,29,60,11
1991/02/02,BA,53,87,64,31,76
1991/02/09,BA,30,13,76,73,55
1991/02/16,BA,89,18,37,17,42
1991/02/23,BA,41,61,42,85,58
1991/03/02,BA,84,63,61,23,85
1991/03/09,BA,56,20,87,34,29
1991/03/16,BA,55,20,9,46,12
1991/03/23,BA,39,21,64,85,58
1991/03/30,BA,34,25,36,19,62
1991/04/06,BA,25,42,44,15,69
1991/04/13,BA,39,67,43,50,35
1991/04/20,BA,24,34,69,58,45
1991/04/27,BA,25,66,8,46,38
1991/05/04,BA,15,87,38,30,10
1991/05/11,BA,47,34,16,51,9
1991/05/18,BA,15,17,57,72,13
1991/05/25,BA,56,34,75,36,51
1991/06/01,BA,3,32,8,14,58
1991/06/08,BA,75,2,72,45,10
1991/06/15,BA,65,39,28,19,17
1991/06/22,BA,18,84,11,1,70
1991/06/29,BA,27,21,82,14,86
1991/07/06,BA,26,5,89,34,73
1991/07/13,BA,76,83,70,45,73
1991/07/20,BA,10,56,24,81,37
1991/07/27,BA,33,58,47,68,51
1991/08/03,BA,55,6,46,59,37
1991/08/10,BA,67,77,14,5,75
1991/08/17,BA,47,45,68,64,42
1991/08/24,BA,32,85,14,76,7
1991/08/31,BA,85,86,8,69,42
1991/09/07,BA,2,20,18,83,33
1991/09/14,BA,35,49,72,57,68
1991/09/21,BA,81,55,88,75,80
1991/09/28,BA,18,4,74,47,84
1991/10/05,BA,70,26,40,48,32
1991/10/12,BA,35,66,51,78,8
1991/10/19,BA,15,82,58,21,40
1991/10/26,BA,73,10,42,69,67
1991/11/02,BA,66,80,18,86,37
1991/11/09,BA,22,65,51,11,88
1991/11/16,BA,15,36,59,80,27
1991/11/23,BA,31,11,81,56,28
1991/11/30,BA,58,60,52,55,46
1991/12/07,BA,6,44,33,20,55
1991/12/14,BA,87,84,52,34,73
1991/12/21,BA,53,74,64,44,34
1991/12/28,BA,69,9,45,67,46
1992/01/04,BA,54,14,3,20,48
1992/01/11,BA,42,79,74,18,4
1992/01/18,BA,26,77,80,67,28
1992/01/25,BA,64,31,51,32,18
1992/02/01,BA,13,8,89,55,20
1992/02/08,BA,50,77,86,3,51
1992/02/15,BA,2,69,82,37,44
1992/02/22,BA,42,37,62,30,59
1992/02/29,BA,10,30,4,54,61
1992/03/07,BA,52,61,74,85,82
1992/03/14,BA,70,80,5,42,12
1992/03/21,BA,37,32,40,48,14
1992/03/28,BA,84,17,14,55,15
1992/04/04,BA,5,37,19,81,41
1992/04/11,BA,48,17,63,45,73
1992/04/18,BA,89,72,57,9,51
1992/04/27,BA,90,37,74,65,55
1992/05/02,BA,63,86,33,66,37
1992/05/09,BA,82,57,68,17,64
1992/05/16,BA,55,70,66,24,25
1992/05/23,BA,86,89,33,12,23
1992/05/30,BA,70,90,84,34,7
1992/06/06,BA,8,40,7,3,52
1992/06/13,BA,32,76,70,68,58
1992/06/20,BA,28,78,75,83,71
1992/06/27,BA,4,53,2,14,40
1992/07/04,BA,42,79,62,2,66
1992/07/11,BA,28,71,40,41,42
1992/07/18,BA,11,2,81,52,68
1992/07/25,BA,63,70,35,81,89
1992/08/01,BA,19,73,56,31,66
1992/08/08,BA,80,53,17,75,61
1992/08/17,BA,54,33,63,79,37
1992/08/22,BA,85,78,5,66,37
1992/08/29,BA,3,25,4,84,69
1992/09/05,BA,11,71,15,85,46
1992/09/12,BA,40,77,27,68,85
1992/09/19,BA,65,9,18,47,60
1992/09/26,BA,39,36,20,64,62
1992/10/03,BA,9,28,26,50,29
1992/10/10,BA,65,90,72,78,49
1992/10/17,BA,76,65,59,5,10
1992/10/24,BA,86,47,75,77,84
1992/10/31,BA,87,12,16,61,4
1992/11/07,BA,85,31,9,41,13
1992/11/14,BA,48,17,58,23,70
1992/11/21,BA,62,65,49,58,23
1992/11/28,BA,77,30,85,3,60
1992/12/05,BA,50,61,32,7,17
1992/12/12,BA,17,25,7,74,11
1992/12/19,BA,33,83,29,70,45
1992/12/28,BA,82,69,1,83,36
1993/01/02,BA,88,34,84,68,75
1993/01/09,BA,43,61,71,11,50
1993/01/16,BA,69,74,26,83,75
1993/01/23,BA,40,66,48,65,88
1993/01/30,BA,19,32,16,88,48
1993/02/06,BA,13,16,85,54,17
1993/02/13,BA,53,67,22,20,36
1993/02/20,BA,11,39,85,83,41
1993/02/27,BA,81,82,4,31,71
1993/03/06,BA,53,64,56,3,77
1993/03/13,BA,13,18,27,88,54
1993/03/20,BA,82,69,32,26,88
1993/03/27,BA,74,81,61,4,44
1993/04/03,BA,59,61,60,83,14
1993/04/10,BA,62,19,76,17,45
1993/04/17,BA,21,69,47,71,18
1993/04/24,BA,80,70,22,11,56
1993/05/03,BA,13,7,17,22,55
1993/05/08,BA,74,47,53,20,35
1993/05/15,BA,51,23,84,46,83
1993/05/22,BA,14,48,15,21,20
1993/05/29,BA,80,90,45,17,67
1993/06/05,BA,11,21,45,61,32
1993/06/12,BA,10,61,7,84,25
1993/06/19,BA,21,73,40,11,84
1993/06/26,BA,48,21,29,54,39
1993/07/03,BA,60,58,40,7,57
1993/07/10,BA,64,89,68,90,59
1993/07/17,BA,18,78,54,1,57
1993/07/24,BA,16,12,69,53,36
1993/07/31,BA,13,15,35,56,81
1993/08/07,BA,24,15,47,57,45
1993/08/14,BA,82,90,45,3,11
1993/08/21,BA,55,54,65,41,73
1993/08/28,BA,18,79,70,48,75
1993/09/04,BA,36,33,6,80,16
1993/09/11,BA,35,18,2,3,12
